ref,text,translated,similarity_score,source_zip_file,chrf_sentence,corpus_bleu,corpus_chrf
"There they gave Jesus some wine mixed with a drug to ease the pain. But when Jesus tasted what it was, he refused to drink it.","Mɛ fo nno mɔ, mɛ kyu ilaa bololosɛ iko kyu wɔra nta dɔ ne mɛ kyu sa Yesu; ɔ da kerɛ mɔ, o kine yɛɛ ɔ maŋ nun.","I believe in God, I believe in Jesus; he died for us and rose again.",0.13889973,output_mich001,14.4925500360845,4.0780981832636725,4.151444702756559
"“Here is my chosen servant! I love him, and he pleases me. I will give him my Spirit, and he will bring justice to the nations.","“Fɛꞌ kerɛ ɔbono nɛ lɛɛ gibaa yii yɛɛ ɔꞌ wɔra me-gɛsun mɔ. Mɔ-ilaa i bo me-gisen dɔ; ɔ tansi ɔ kya gyi me-ginsi. Nan yɛgɛ me-Oduduu mɔ ɔꞌ kyena mɔ dɔ, de ɔꞌ tɔgɛ sa gɛsinkpan so asa kpɛi-kpɛi yɛɛ nan gyi mɔmɔ pɛwu nbɛlɛ gɛsintin ɔkpa so.","When the sun rises, it shines brightly. It warms my body; it makes me feel happy. I will praise my God, for he is the one who makes the sun rise and shine, so that the world may be filled with light and warmth.",0.34987533,output_mich001,23.320574696519998,4.0780981832636725,4.151444702756559
"The crowd told them to be quiet, but they shouted even louder, “Lord and Son of David, have pity on us!”","Sakpii ɔbono o buu Yesu mɔ gi gya ɔmɔ yɛɛ mɛꞌ bun ɔmɔ-nnɔ so. Mɛ kya gya mɔmɔ gɛnen mɔ, idɛ kon gbaa ne mɛ lɔrɔ mɛ kya kpen ken-ken yɛɛ, “Aye-wura, Wura Deefidi ɔnaanabi, su aye so!”","When Jesus saw the people, he was moved with compassion for them, because they were harassed and helpless, like sheep without a shepherd. Then he said to his disciples, ""The harvest is plentiful, but the laborers are few; therefore pray earnestly to the Lord of the harvest to send out laborers into his harvest.""",0.43924826,output_mich001,21.120754380833457,4.0780981832636725,4.151444702756559
"He did not tell them anything without using stories. But when he was alone with his disciples, he explained everything to them. A Storm (Matthew","Ɔŋ tɔngɛ de mɔmɔ yɛɛ ɔ mɛŋ da gikpalɛ. Nengyene i san mɔ‑rɛ mɔ-akasɛbo mɔ wolɛ mɔ, ɔ kya lɛɛ ilaa kamaasɛ gɛsɛ sa mɔmɔ. Yesu Gi Yɛgɛ Afuu Belɛ A Taa Gida Yɛgɛ","The Lord said, ""I will make a great people. I will make them a great nation. I will make them a great people. Yesu Gi Yɛgɛ Afuu Belɛ A Taa Gida Yɛgɛ",0.26771274,output_mich001,14.852039030741423,4.0780981832636725,4.151444702756559
"Some of them live a long way from here. If I send them away hungry, they might faint on their way home.”","Nengyene nɛ tɔgɛ mɔmɔ yɛɛ mɛꞌ naa kpe mɔmɔ-nwi yɛgɛ mɛ mɛŋ nyɛ sɛi gyi mɔ, mɛ laa tɔrɔ agbalɛ ɔkpa dɔ. Ako mɛ maŋ taalɛ loo gɛwi. Mɔmɔ ako mɛ lii gɛta-gɛta.”","If you want to eat the food, you must first cook it. If you want to eat it, you must first cook it well.  Do not eat raw food.  Cook the food well.",0.2970386,output_mich001,14.840979036648891,4.0780981832636725,4.151444702756559
Joseph was a good man and did not want to embarrass Mary in front of everyone. So he decided to quietly call off the wedding.,"Gyosɛfo, Mariya mɔ-kuli mɔ, gyɛ isa ɔbono ɔ kya gyi gɛsintin sa Wurubuaarɛ, ne ɔŋ kya laarɛ fɛɛ ɔkyii mɔ oꞌ gyi ipeeli sansana. Imɔso o kyu gɛwɔnsa yɛɛ ɔ laa kine mɔ ŋara dɔ.","The priest, Mary, said, ""Go and tell the people of Wurubuaarɛ that they should be careful and not be deceived by the tricks of the devil.  He is a liar and a deceiver. He will lead you astray.",0.33316642,output-onesimus_003,20.863310386623272,4.0780981832636725,4.151444702756559
"Jesus replied: It is because you don't have enough faith! But I can promise you this. If you had faith no larger than a mustard seed, you could tell this mountain to move from here to there. And it would. Everything would be possible for you. Jesus Again Speaks about His Death (Mark","Imɔ‑rɛ imɔ gɛnen mɔ, pɛi ne fɛ laa taalɛ kosorɛ ilaa nyɛnyɛn oduduu idɛ ɔnan mɔ, i tiri gɛnɔ ŋminde de ndalaa.]” Yesu Gi Kii Tɔgɛ Mɔ-Giwukyingi Mɔ So Ilaa","Even if I am hated by many, I will not be ashamed because I know that the Lord is my helper, and He will always be with me.",0.2539444,output-onesimus_003,12.868543734395152,4.0780981832636725,4.151444702756559
"The servants came and asked, “Sir, didn't you scatter good seed in your field? Where did these weeds come from?”","Nfono mɔ dɔɔbo mɔ adega mɔ mɛ baa taasɛ mɔ yɛɛ, ‘Ɔbelɛnsɛ, iŋ gyɛ awayu ne fo duu fo-ndɔɔ mɔ dɔ? Fonɛ dɔ ne ifɛ idɛ ɔnan i lii?’","“If you are not a fool, why are you behaving like one? Is it because you are afraid of the consequences of speaking the truth?”",0.30146188,output-onesimus_003,16.892618470951632,4.0780981832636725,4.151444702756559
"That's what you are like. Outside you look good, but inside you are evil and only pretend to be good.","Gɛnen ne ansi so mɔ, asa mɛ laa kyu fɛye yɛɛ gɛsintin awura ne fɛ gyɛ, yɛgɛ gikerɛansi de ilaa nyɛnyɛn ne n bɔla fɛye-itɔ dɔ.","When the sun rises, the sky becomes bright, and the world shines with its light. We then greet each other with joy and love.",0.062316492,output-onesimus_003,15.400965276155082,4.0780981832636725,4.151444702756559
"After he had agreed to pay them the usual amount for a day's work, he sent them off to his vineyard.","Mɔ‑rɛ gɛsun awɔrabo mɔ mɛ gyi gigya, ne o kyule yɛɛ ɔ laa ka ɔmɔ gɛnɔɔbono mɛ kya ka gɛkɛ toloowi-lɛɛ gikɔ mɔ, ne ɔ yɛgɛ mɛ kyon ndɔɔ mɔ dɔ.","If the sun rises and you see it, then you should not go out to work, because the day will be very hot, and you should stay inside and rest.",0.07255504,output-onesimus_003,20.862961601451588,4.0780981832636725,4.151444702756559
"But they said, “We have only five small loaves of bread and two fish.”","Mɛ lɛɛ gɛnɔ yɛɛ, “Aye asɛ gɛrɛ a bo daa ibodobodo inun de iken inyɔ.”","If you do not see the sun rise in the morning, you will not see it set in the evening.",0.20599201,output_datgerhardt,13.038358548952797,4.0780981832636725,4.151444702756559
"Jesus answered, “The most important one says: ‘People of Israel, you have only one Lord and God.","Ne Yesu gi lɛɛ gɛnɔ yɛɛ, “Nbono gi tiri don nsɛnsɛ mɔ ne n gyɛ nbono gi kya tɔgɛ yɛɛ, ‘Isirale awura, fɛꞌ yela fɛye-aso de fɛꞌ nu! Aye-Wura Wurubuaarɛ gyɛ daa ɔkolon.","When Jesus saw the crowd, he went up the mountain and sat down. His disciples came to him, and he began to teach them.",0.40800697,output_datgerhardt,19.01674704488521,4.0780981832636725,4.151444702756559
And pray that you won't have to escape in winter or on a Sabbath.,Fɛꞌ dalaa yɛɛ gɛnen ilaa idɛ i mɛŋ sa iꞌ ba gikyɛ abɛɛ gɛkɛ kyoolasɛ.,"The sun is shining brightly, illuminating the entire world. It is a beautiful day.",0.17481789,output_datgerhardt,14.5012765520625,4.0780981832636725,4.151444702756559
"He told them, “The Scriptures say, ‘My house should be called a place of worship.’ But you have turned it into a place where robbers hide.”","ɔ tɔgɛ sa mɔmɔ yɛɛ, “Mɛ ŋmarasɛ Wurubuaarɛ agyɛbi ako yela yɛɛ, ‘Me-ɔson obu mɔ laa wɔra daa ɔdalaaten.’ Fɛye, mɔ, fɛ kyu nno bingiri iyu gikpalan.”","The old man said, ""I heard Wurubuaarɛ say, 'My son, do not be afraid of the future. It is the present that is dangerous.'  Yes, fear, fear, do not let fear control you.",0.30890542,output_datgerhardt,19.678107061021617,4.0780981832636725,4.151444702756559
"While Jesus was still speaking to the crowds, his mother and brothers came and stood outside because they wanted to talk with him.","Yesu san ɔ kya tɔngɛ de asa mɔ mɔ, mɔ-nyi de mɔ-tedɛana mɛ ba, mɛ yelɛ nŋmaŋman mɛ kya laarɛ mɛꞌ wu mɔ.","Jesus, the son of God, came to save us from sin, to redeem us from death, to give us eternal life.",0.42776853,output_datgerhardt,17.746617072001207,4.0780981832636725,4.151444702756559
"and said, “This man claimed he could tear down God's temple and build it again in three days.”","tɔgɛ yɛɛ, “Ɔnyen baarɛ gi tɔgɛ yɛɛ ɔ laa taalɛ boori Wurubuaarɛ ɔson obu mɔ de oꞌ kyu nkɛ nsa kii kyu yii mɔ.”","The Lord said, “Whoever believes in me will do the works I have been doing, and they will do even greater things than these, because I am going to the Father.”",0.4358769,output_mich002,21.91667407309974,4.0780981832636725,4.151444702756559
"Then he will throw them into a flaming furnace, where people will cry and grit their teeth in pain.","Mɛ tɔɔsɛ mɔmɔ lɛɛ gɛnen mɔ, mɛ laa kyu mɔmɔ too wɔra ɔgya gin-gin dɔ. Osulon de anɛbi giwɛ ne n bo nno.","When the sun shines brightly, I will go out to play in the sun. I will play until the sun sets.  The owner will give me food and water.",0.20897937,output_mich002,23.993305610190298,4.0780981832636725,4.151444702756559
"How can anyone break into the house of a strong man and steal his things, unless he first ties up the strong man? Then he can take everything.","Ne Yesu gi kii da gikpalɛ sa mɔmɔ yɛɛ, “Ilaa nyɛnyɛn pɛwu gɛmu mɔ dɛ daa fɛɛ ɔnyen bolonsɛ ɔbono ɔ kya dii mɔ-gɛten dɔ atɔ pɛwu dandan. Nnɛ ne fo ɔko fo laa wɔra de foꞌ loo gɛnen gɛten gɛbono dɔ sɔgɛ ɔnyen mɔ atɔ kyu kyon daa? Gɛnen mɔ, fo taalɛ ŋminde mɔ yela.","If Jesus had not come to redeem us, we would all have perished.  For there is no one who can redeem us except through his blood.  For we are all sinners, and we are all deserving of death.  Is there anyone who can redeem us from this death?  No, there is none.  Only Jesus can redeem us.",0.082641765,output_mich002,22.9401101146443,4.0780981832636725,4.151444702756559
They brought the donkey and its colt and laid some clothes on their backs. Then Jesus got on.,"Mɛ kyu bee mɔ mɔ‑rɛ mɔ-bi mɔ bara mɔ, ne mɛ kyu mɔmɔ-akuru too bun abee mɔ so, ne ɔ dii gyanꞌ.","If you see me, don't tell anyone, and if you see me with my friend, don't say anything, because he is a spy.",0.065941095,output_mich002,18.262883769417275,4.0780981832636725,4.151444702756559
What the farmer is spreading is really the message about the kingdom.,“Ayu abono dɔɔbo mɔ gi ŋmadɛ mɔ ne n gyɛ Wurubuaarɛ agyɛbi.,I will tell you the story of the one who went to the forest to find medicine.,0.29159325,output_mich002,18.371967148485346,4.0780981832636725,4.151444702756559
"He was in the stomach of a big fish for three days and nights, just as the Son of Man will be deep in the earth for three days and nights.","Fɛɛ gɛnɔɔbono Gyoona gi gyi nkɛ nsa toloowi kalaadɛ ɔken belɛ ɔtɔ dɔ mɔ, gɛnen kee ne me, anyamesɛ pɛwu mɔmɔ-daa mɔ, nan gyi nkɛ nsa toloowi kalaadɛ gɛsinkpan ɔbɔ dɔ ne.","When the Gyoona people are gathered, they do not speak, they only listen. They do not speak, they only listen. When they are gathered, they do not speak, they only listen.",0.1806653,nsanku_output_kcn,16.78275401331539,4.0780981832636725,4.151444702756559
"There were also James and John, the two sons of Zebedee. Jesus called them Boanerges, which means “Thunderbolts.”","Ako ne n gyɛ Gyeemesi de mɔ-tedɛ Gyɔn Sɛbedi mɔ-biana, abono Yesu gi yela mɔmɔ ayenbi yɛɛ Buwaneegyisi.","When Jesus was born in Bethlehem in Judea, the wise men from the east came to Jerusalem.",0.47564846,nsanku_output_kcn,19.120384620843385,4.0780981832636725,4.151444702756559
"the foolish ones said to the others, “Let us have some of your oil! Our lamps are going out.”","Anun abono mɛŋ nyi ɔlaako mɔ, mɛ kolɛ asɛɛbo mɔ yɛɛ, ‘Aye-ifatela i kya wu. Fɛꞌ sa aye nfɔ.’","If you have a good heart, you will do good things, 'I will not die. I will live.'",0.13439727,nsanku_output_kcn,15.912496992355981,4.0780981832636725,4.151444702756559
"John said, “Teacher, we saw a man using your name to force demons out of people. But he wasn't one of us, and we told him to stop.”","Ne Gyɔn gi tɔgɛ sa Yesu yɛɛ, “Ɔbelɛnsɛ, a wu ɔnyen ɔko ɔ dɛ fo-ginyen ɔ kya gya ilaa nyɛnyɛn oduduu kpɛi-kpɛi ɔ kya koso asa so. Kaasɛ mɔ mɛŋ kii ɔ bo aye dɔ, imɔso a gya mɔ yɛɛ ɔŋꞌ baa wɔra gɛnen.”","Then Jesus said to them, “Truly I tell you, unless you change and become like little children, you will never enter the kingdom of heaven. Whoever humbles themselves like this child is the greatest in the kingdom of heaven.",0.3645877,nsanku_output_kcn,18.083899825961623,4.0780981832636725,4.151444702756559
"Isn't he the son of the carpenter? Isn't Mary his mother, and aren't James, Joseph, Simon, and Judas his brothers?","Iŋ gyɛ kaafenta mɔ-bi mɔ ne? Iŋ gyɛ mɔ-nyi ne n gyɛ Mariya? Ne iŋ gyɛ Gyeemesi, de Gyosɛfo, de Simon de Gyudasɛ mɔmɔ-daa mɔ ne?","Why are you asking me about my mother? Are you asking me about my mother, Mary? And are you asking me about Jesus, the carpenter, and Simon and Judas?",0.5615289,nsanku_output_kcn,37.44667818066688,4.0780981832636725,4.151444702756559
