text,ref,Unnamed: 2,translated,source_zip_file,chrf_sentence,corpus_bleu,corpus_chrf
"Then, let’s try to eat foods that help the liver healthy, some like onion, ginger, lime and varieties of vegetables.","Afei, yɛmmɔ mmɔden sɛ yɛbɛdi nnuane a ɛboa brɛboɔ no apɔmuden, bi te sɛ gyeene, anwoo, akekaduro, akutoɔ ne atosodeɛ ahodoɔ.",,"Afei, ma yɛmmɔ mmɔden nni nnuane a ɛboa ma yɛn mmɛrɛboɔ yɛ den, ebi ne gyene, akakaduro, ankaa ne nhabamma ahodoɔ.",run1,42.71446326886987,12.5848347939092,5.98404255319149
"Some are about the behaviors we need to exhibit to achieve good health, others are about the foods we need to eat, the medications we need to be able to take and the amounts we need to take into our bodies.","Ebinom fa nneyɛeɛ a ɛsɛ sɛ yɛda no adi ma yɛn nsa ka apɔmuden pa ho, ebinom fa nnuane a ɛsɛ sɛ yɛdi, nnuro a ɛsɛ sɛ yɛtumi fa ne dodoɔ a ɛtwa sɛ yɛde kɔ yɛn nipadua mu ho.",,"Ebinom fa suban a ɛsɛ sɛ yɛda no adi na yɛanya apɔwmuden pa ho, ebinom nso fa nnuane a ɛsɛ sɛ yɛdi, nnuro a ɛsɛ sɛ yɛtumi nom, ne dodow a ɛsɛ sɛ yɛde kɔ yɛn nipadua mu.",run1,71.24454111958725,12.5848347939092,5.98404255319149
Some have expressed respect for him for the steps he has taken to make his family a priority.,Ebinom akyerɛ obuo a wɔanya ama no ɛnam anammɔn a watu na wama n'abusua ayɛ ade titire ama no no nti.,,Ebinom akyerɛ obu ama no wɔ anammɔn a watutu de ama n'abusua adi kan no ho.,run1,51.0658679718491,12.5848347939092,5.98404255319149
It can cure chickenpox.,Ɛtumi sa borɔmpete,,Ɛtumi sa ntorɔ.,run1,41.600655805168266,12.5848347939092,5.98404255319149
Doctors say women tend to develop this problem more quickly than men because their ducts that carry urine from the bladder to the street are shorter than men's.,"Adɔkotafoɔ kyerɛ sɛ mmaa taa nya saa ɔhaw yi ntɛntɛm so sene mmarima ɛfiri sɛ, wɔn drobɛn a ɛgye dwonsɔ firi dwonsɔtwaa no hɔ de ba abɔntene no yɛ tia sene mmarima deɛ.",,"Adɔkotafoɔ ka sɛ mmaa na ɛtaa nya saa ɔhaw yi ntɛmntɛm sen mmarima, ɛfiri sɛ ɔkwan a dwonsɔ fa so firi wɔn dwonsɔtoɔ mu ba abɔnten no yɛ tia sen mmarima deɛ.",run1,58.69055750221904,12.5848347939092,5.98404255319149
It is said that the extortion used by Nana Agradaa to extort money from the people has now reached his temple.,"Wɔkyerɛ mu a, apoobɔ a na Nana Agradaa de di dwuma gye ɔmamfoɔ sika firi wɔn ho no, wasane de aduru n'asɔrefie seesei nso.",,"Yɛse sɛ adwamfia a Nana Agradaa de dii nnipa sika no, afei deɛ aduru n'asɔredan mu.",run1,36.96956308550522,12.5848347939092,5.98404255319149
A study of lentils from 1996 - 2020 found that eating two large lentils a day can protect against cancer.,"Nhwehwɛmu bi a animdefoɔ binom yɛ faa mmire ho firi 1996 - 2020 daa no adi sɛ, sɛ onipa tumi di mmire akɛseɛ mmienu da koro a, ɛtumi bɔ ne ho ban firi kokoram yareɛ no ho.",,"Nhwehwɛmu bi a wɔyɛɛ no wɔ atadwe ho firi afe 1996 de kɔsi 2020 daa no adi sɛ, sɛ wodi atadwe akɛseɛ mmienu da biara a, ɛbɛtumi abɔ wo ho ban afiri kokoram.",run1,48.76930591497448,12.5848347939092,5.98404255319149
"In most cases, what happens is that the person ends up not caring about their appearance anymore.","Mpɛn pii no, deɛ ɛtaa si ne sɛ, saa nipa no mfa n'ahonidie ho koraa.",,"Mpɛn pii no, deɛ ɛsi ne sɛ onipa no mfa n'ahosiesie nyɛ hwee bio.",run1,55.336628110125496,12.5848347939092,5.98404255319149
"Apart from Vitamin E which helps cleanse the body, Vitamins B1, B3, B6 and B12 all help the body fight against asthma","Vaetamɛn E a ɛboa hohoro nipadua no mu no da nkyɛn a, Vaetamɛn  B1, B3, B6 ne B12 nyinaa boa ma nipadua no ko tia asikyire yareɛ.",,"Sɛ yɛde Vitamin E a ɛtew nipadua no mu to nkyɛn a, Vitamin B1, B3, B6 ne B12 nyinaa boa nipadua no ko tia asma.",run1,56.76305157697043,12.5848347939092,5.98404255319149
"Then, he was released from prison and became a leader in charge of various government agencies.","Afei, wɔyii no firii afiase maa no bɛyɛɛ ɔkannifoɔ a na ɔda aban nnwuma ahodoɔ ano.",,"Afei, woyii no firii afiase na ɔbɛyɛɛ ɔkannifoɔ a ɔhwɛ aban nnwumakuo ahodoɔ so.",run1,64.44404861116396,12.5848347939092,5.98404255319149
This help the brain to have enough rest and energy to perform its task correctly.,Wei bɛboa ama adwene no anya ahoɔden a ɛhia de adi ne dwuma nyinaa.,,Eyi boa adwene no ma ɛnya ahomegyeɛ ne ahoɔden a ɛdɔɔso na ayɛ n'adwuma yie.,run1,44.18067372426362,12.5848347939092,5.98404255319149
The Majority in Parliament believes that the President will turn to the International Monetary Fund (IMF) for assistance in order to alleviate the government's financial burden and ease the pressure on citizens.,Yɛgye di sɛ ɔbɛsane akasa afa Wiase nyinaa Sika Fotoɔ a wɔpɛ sɛ wɔkɔpɛ mu mmoa de bɛboa ɔman no sikasɛm ne nhyehyɛeɛ a aban no ayɛ sɛ ɔde bɛko atia ɔman no sikasɛm a akɔ fam no ho.,,"Mmarahyɛbadwa mu Dɔm Kɛseɛ no gye di sɛ Ɔmanpanyin no bɛkɔ International Monetary Fund (IMF) nkyɛn akɔhwehwɛ mmoa, sɛdeɛ ɛbɛte aban no sikasɛm mu adesoa no so na ama nhyɛsoɔ a ɛwɔ ɔmanfoɔ so no nso ayɛ mmerɛ.",run1,31.240463085949386,12.5848347939092,5.98404255319149
It is shown that the storage time of this carbon by plants is shorter than that of some seasonal weed species and slightly longer than that of annual trees.,"Wᴐkyerε sε, berε a mfifideε de kaabᴐn yi sie no yε adeε a nsesan ne nwura ahodoᴐ binom a wᴐnyini wᴐ mmerε binom mu deε no yε tia, εna nnua a afe biara wᴐnyini no nso deε ware kakra.",,"Wɔahu sɛ berɛ a afifideɛ de sie carbon yi yɛ tiaa sen afe berɛ mu nwura ahodoɔ bi deɛ, na ɛkyɛ kakra sen nnua a ɛnyini afe baako pɛ deɛ.",run1,25.50000982655823,12.5848347939092,5.98404255319149
"Apart from that, there is another wine which they refer to as 'doka.'","Ɛno da nkyɛn a, wɔwɔ nsa bi a wɔfrɛ no doka.",,"Sɛ yɛyi ɛno firi hɔ a, nsã foforɔ bi nso wɔ hɔ a wɔfrɛ no 'doka'.",run1,30.197814349014156,12.5848347939092,5.98404255319149
It can prevent male or female reproduction.,Ɛtumi si ɔbaarima anaa ɔbaa awoɔ ho kwan.,,Ɛtumi si ɔbarima anaa ɔbaa awoɔ ano.,run1,73.28622881761684,12.5848347939092,5.98404255319149
"it is true, everyone know that communication in marriages and dating are not easy.","Ɛyɛ ampa, obiara nim sɛ awadeɛ anaa mpenatweɛ mu nkitahodie nna fam saa.",,"Ɛyɛ nokware, obiara nim sɛ nkitahodie wɔ awareɛ ne mpenatweɛ mu nyɛ mmerɛw.",run1,51.208324935253316,12.5848347939092,5.98404255319149
This sad incidence occurred at Shaiman Lebanon Zone 2A in the Greater Accra region.,Asɛm yi sii wɔ shaiman Lebanon Zone 2A wɔ Nkran mantam mu,,Saa asɛm a ɛyɛ awerɛhoɔ yi siiɛ wɔ Shaiman Lebanon Zone 2A wɔ Nkran punpuni mantam mu.,run1,67.91180420545717,12.5848347939092,5.98404255319149
Indigenous agriculture has had a profound impact on human society today.,Abɛɛfo kuayɔ anya nsunsuansoɔ kɛseɛ pa ara wɔ nnipa astenam ɛnnɛ.,,Amammerɛ mu kuadwuma anya nkɛntɛnsoɔ kɛseɛ wɔ nnipa asetena so nnɛ.,run1,41.80492234226178,12.5848347939092,5.98404255319149
"Once they have passed the examination given by the Ghana Bar Training and Academy, and the results of their examination have been successful, the GLC holds an annual statutory meeting for lawyers The Alloy Society of Ghana.","Sɛ wɔwie wɔn sɔhwɛ a Ghana Alɔyafoɔ Nteteeɛ ne Adesuabea de ma wɔn no na wɔdi nkunim, na sɛ wɔn sɔhwɛ no so nsunsuansoɔ ba ma wɔnya wɔn abasobɔdeɛ awie a, GLC yɛ nhyiamu a mmara ma ho kwan wɔ afe biara mu fa alɔyafoɔ a no kɔ Alɔyafoɔ Kuo a ɛwɔ Ghana no mu.",,"Sɛ wɔtwa nsɔhwɛ a Ghana Bar Training and Academy de ma no, na wɔn nsɔhwɛ no mu nsunsuansoɔ no ayɛ yie a, GLC no yɛ afe afe mmara nhyiamu ma Ghana mmaranimfoɔ no.",run1,32.731033471916064,12.5848347939092,5.98404255319149
"I have emphasized a lot on language; however, what is the language I am talking about?","Masi kasa so pii wɔ soro hɔ, na sɛ yɛhwɛ a, ɛdeɛn kasa na mereka ho asɛm?",,"Mesi kasa so dua paa, nanso kasa bɛn na mereka ho asɛm no?",run1,42.16160762786996,12.5848347939092,5.98404255319149
Agriculture is not just about crops and food.,Kuayɔ nyɛ nnɔbaeɛ ne nnuane ho nsɛm nko ara.,,Kuadwuma nyɛ nnɔbaeɛ ne aduane nkoaa.,run1,44.407147844185765,12.5848347939092,5.98404255319149
"Accra -Bolga GHȼ 270, Accra-Navrongo GHȼ 280, Accra-Bawku GHȼ 285, Nkran-Wa GHȼ 260, Accra-Buipe GHȼ 215, Accra-Garu GHȼ 295, Accra-Nandom GHȼ 270, Accra-Hamile GHȼ 275, Kumasi-Tamale GHȼ 140, Kumasi-Bawku GHȼ 180, Kumasi-Garu GHȼ 190.","Nkran-Bolga GHȼ 270, Nkran-Navrongo GHȼ 280, Nkran-Bawku GHȼ 285, Nkran-Wa GHȼ 260, Nkran-BuipeGHȼ 215, Nkran-Garu GHȼ 295, Nkran-Nandom GHȼ 270, Nkran-HamileGHȼ 275, Kumase-Tamale GHȼ 140, Kumase-Bawku GHȼ 180, Kumase-Garu GHȼ 190.",,"Nkran-Bolga GHȼ 270, Nkran-Navrongo GHȼ 280, Nkran-Bawku GHȼ 285, Nkran-Wa GHȼ 260, Nkran-Buipe GHȼ 215, Nkran-Garu GHȼ 295, Nkran-Nandom GHȼ 270, Nkran-Hamile GHȼ 275, Kumasi-Tamale GHȼ 140, Kumasi-Bawku GHȼ 180, Kumasi-Garu GHȼ 190.",run1,94.71446878186548,12.5848347939092,5.98404255319149
A person can raise their hand to show interest in expressing their views on an issue or place the palm on the ear as a warning to slap someone.,"Obi tumi pagya ne nsa kyerɛ sɛ ɔrepɛ kwan akyerɛ n’adwene wɔ asɛm bi ho, anaa bae ne nsam de kyerɛ n’asom kasa kyerɛ obi sɛ ɔbɛbɔ n’asom.",,"Onipa betumi ama ne nsa so de akyerɛ sɛ ɔpɛ sɛ ɔka n'adwene wɔ asɛm bi ho, anaa ɔde ne nsam ato n'aso so sɛ kɔkɔbɔ sɛ ɔrebɛbɔ obi aso.",run1,44.59093140629821,12.5848347939092,5.98404255319149
The following are the various signs that will indicate that one has a low blood pressure.,Nsɛnkyerɛnneɛ ahodoɔ a ɛbɛda adi ama obi ahunu sɛ ne mogya so ate bi na ɛdidi soɔ yi.,,Nsɛnkyerɛnne a edidi so yi na ɛkyerɛ sɛ obi mogya mmorosoɔ aba fam.,run1,35.23854375483592,12.5848347939092,5.98404255319149
"In Akan land, every sacred day comes after forty days. On the sacred days, Akans do not work.","Akanman mu no, da bɔne biara tɔ adaduanan akyi. Ɛduru da bɔne a, Akanfoɔ nyɛ adwuma.",,"Akanman mu no, da kronkron ba nna aduanan biara akyi. Nna kronkron no so, Akannifoɔ nyɛ adwuma.",run1,51.415490763288496,12.5848347939092,5.98404255319149
If a person is infected with small organisms that cause disease,Sԑ mmoawa nketewa a wᴐma nyarewa ba onipa bi mu a,,Sɛ onipa bi nya mmoawa nketenkete a ɛde yareɛ ba,run1,43.535987847133356,12.5848347939092,5.98404255319149
"The names of these kings are as follows: Chief Destroyer Tutu I, Chief Opoku Ware I, Chief Kusi Boadum, Chief Destroyer Kwadwo, Chief Destroyer Kwame Panin, Chief Opoku Fofie, Chief Kwame Bonsu. Mighty Monkey Chief. The Almighty Yaw Destruction Akoto, The Almighty Kwaku Tree I, The Almighty Kofi Kakari, The Almighty Mensa Monsu, The Almighty Kwaku Tree Print I, The Almighty Printer II (Nana Kwame Kyeretwie),The Almighty Opoku Ware II, The Almighty Destruction Tutu II","Ahemfo yinom din na ɛdidi soɔ yi: Otumfoɔ Ɔsɛe Tutu I, Otumfoɔ Opoku Ware I, Otumfoɔ Kusi Boadum, Otumfoɔ Ɔsɛe Kwadwo, Otumfoɔ Ɔsɛe Kwame Panin, Otumfoɔ Opoku Fofie, Otumfoɔ Kwame Bonsu. Otumfoɔ Bonsu Panin. Otumfoɔ Yaw Ɔsɛe Akoto, Otumfoɔ Kwaku Dua I, Otumfoɔ Kofi Kakari, Otumfoɔ Mɛnsa Bonsu, Otumfoɔ Kwaku Dua Prɛmpɛ I, Otumfoɔ Prɛmpɛ II (Nana Kwame Kyeretwie),Otumfoɔ Opoku Ware II, Otumfoɔ Ɔsɛe Tutu II",,"Saa ahenfo yi din ne sɛdeɛ ɛdidi soɔ yi: Nana Ɔsɛe Tutu I, Nana Opoku Ware I, Nana Kusi Boadum, Nana Ɔsɛe Kwadwo, Nana Ɔsɛe Kwame Panin, Nana Opoku Fofie, Nana Kwame Bonsu. Ɔhene Adɔɔ Otumfoɔ. Otumfoɔ Ɔsɛe Yaw Akoto, Otumfoɔ Kwaku Dua I, Otumfoɔ Kofi Karikari, Otumfoɔ Mensa Bonsu, Otumfoɔ Prempeh I, Otumfoɔ Prempeh II (Nana Kwame Kyeretwie), Otumfoɔ Opoku Ware II, Otumfoɔ Ɔsɛe Tutu II",run1,64.7140673703148,12.5848347939092,5.98404255319149
Let’s also note that women don’t have the same amount of blood as men.,Momma yɛnhyɛ no nso sɛ mogya dodoɔ a ɛwɔ mmaa mu no ne mmarima deɛ nyɛ pɛ.,,Momma yɛnhyɛ no nso sɛ mmea ne mmarima nni mogya dodow a ɛyɛ pɛ.,run1,61.76487399325633,12.5848347939092,5.98404255319149
It was also stated that the alleged murderer is currently in the police police custody.,Amanneɛbɔ no san kyerɛe sɛ mprempren nea wosusuw sɛ ɔyɛ sa awudisɛm no wɔ polisifo nsem.,,Wɔkaa nso sɛ onipa a wɔkyerɛ sɛ odii awu no seeseiara wɔ polisifoɔ nsam.,run1,28.034563758179694,12.5848347939092,5.98404255319149
He said the government couldn't fulfill their  various promises on finance from other countries and some communities.,Ɔkaa sɛ aban no antumi anni wɔn bɔhyɛ ahorow ho dwuma no fi amanaman ntam ne mpɔtam hɔ sikasɛm mu nsɛm.,,Ɔkaa sɛ aban no antumi anni wɔn bɔhyɛ ahodoɔ a ɛfa sika a na wɔbɛnya afiri aman foforɔ ne nkurofoɔ bi hɔ no so.,run1,50.20311077080064,12.5848347939092,5.98404255319149
"This headache will usually stop on his chest, causing his head to swell.","Saa tipaeɛ yi taa bɛgyina ne moma so, na ɛma ne ti dwa no.",,"Tipaeɛ yi taa si ne koko so, na ɛma ne tiri huro.",run1,44.946714823074444,12.5848347939092,5.98404255319149
Then clean and tidy your room regularly.,Afei pra wo dan mu berɛ biara na siesie hɔ.,,Afei siesie wo dan mu daa.,run1,34.16139550816194,12.5848347939092,5.98404255319149
"What happened made Nkrumah very self-conscious that, he began to form an army to protect him at all times.","Deɛ ɛsiiɛ maa Nkrumah ani baa ne ho so pa ara nti, ɔfirii aseɛ hyehyɛɛ asraafoɔ a na wɔbɛbɔ ne ho ban berɛ biara.",,Nea ɛsiiɛ no maa Nkrumah huu ne ho araa ma ɔhyɛɛ aseɛ boaboaa asraafodɔm ano sɛ wɔbɛbɔ ne ho ban daa nyinaa.,run1,42.93946981488781,12.5848347939092,5.98404255319149
"All of this can help young people involved in agriculture to learn that, no matter what happens in life, they have to fight forward because, they will realize that things will not always go the way we want them to.","Yeinom nyinaa tumi boa mmabunu a wɔde wɔn ho hyɛ kuadwuma mu no ma wɔsua sɛ, sɛdeɛ nneɛma bɛkɔ wɔ asetenam biara no, ɛsɛ sɛ wɔko kɔ wɔn anim ɛfiri, wɔbɛhunu sɛ ɛnyɛ daa nyinaa na nneɛma bɛkɔ sɛdeɛ yɛpɛ.",,"Wei nyinaa bɛtumi aboa mmabunu a wɔyɛ kuadwuma no ma wɔasua sɛ, nea ɛbɛsi biara wɔ asetena mu no, ɛsɛ sɛ wɔko kɔ wɔn anim, efirisɛ wɔbɛhunu sɛ nneɛma nyɛ bere nyinaa na ɛkɔ sɛnea yɛpɛ no.",run1,57.23027755536477,12.5848347939092,5.98404255319149
"Even though it can be treated, this kind of constipation returns to the body after a short period.","Saa ayamtim yi tumi kɔ deɛ, nanso ɛnkyɛ biara na asane abɛtena nipa no so.",,"Sɛ wɔsa mpo a, yamtim a ɛte sei no nkyɛ na ɛsan ba.",run1,20.624960737747642,12.5848347939092,5.98404255319149
This is one reason why most people prefer to listen to music when exercising.,Ɛno nti na mpɛn pii no wɔn a wɔtenetene wɔn apɔ mu taa de nnwom bata ho no.,,Eyi yɛ ntira no mu baako nti a nnipa dodoɔ no ara pɛ sɛ wɔtie nnwom berɛ a wɔretenetene wɔn apɔ mu.,run1,44.206674201087566,12.5848347939092,5.98404255319149
"In the past, the ways our ancestors lived were very different from the way life is today.","Tete no, akwan ahodoɔ a yɛn nananom faa so bɔɔ wɔn bra no yɛ sononko koraa firi sɛdeɛ asetena teɛ ɛnnɛ no ho.",,"Tete no, na ɔkwan a yɛn nananom faa so tenaa aseɛ no yɛ soronko koraa firi sɛnea abrabɔ te nnɛ.",run1,53.066516783749904,12.5848347939092,5.98404255319149
"Therefore, the Akans do not overlook this traditional naming culture at all.","Ɛno nti, Akanfoɔ ntoto abadintoɔ amammerɛ yi ase koraa.",,Enti Akanfoɔ mmu wɔn ani ngu din toɔ amammerɛ yi so koraa.,run1,52.237163059721844,12.5848347939092,5.98404255319149
Akua is a female born on Wednesday.,Akua yε ᴐbaa a wᴐwoo no Wukuada.,,Akua yɛ ɔbaa a wɔwoo no Wukuada,run1,60.94243176066656,12.5848347939092,5.98404255319149
"In Akans calendar, they have six sacred days.","Akanfoɔ nnabuo mu no, wɔwɔ nnapɔnna anaa nna bɔne ahodoɔ nsia.",,"Wɔ Akanfoɔ nnapɔn mu no, wɔwɔ nna kronkron nsia.",run1,49.08843698317581,12.5848347939092,5.98404255319149
One earthquake that spread throughout the country was that in a city called Gilan.,Asasewosoɔ baako a ɛbɛgyee ntrɛha wɔ ɔman no mu ne deɛ ɛsii wɔ kuro baako a wɔfrɛ no Gilan mu no.,,Asase wosow baako a ɛtrɛw ɔman no nyinaa mu no sii kuro bi a wɔfrɛ no Gilan mu.,run1,48.26647587361941,12.5848347939092,5.98404255319149
They just like to dress with it.,Wɔde siesie wɔn ho kɛkɛ.,,Wɔpɛ sɛ wɔde hyɛ kɛkɛ.,run1,25.087385451468663,12.5848347939092,5.98404255319149
They just steal because they can’t control the feeling of this stealing.,Wɔbɔ korɔno no kɛkɛ ɛnam sɛ wɔntumi nhyɛ saa korɔnobɔ yi atenka so.,,Wɔwia adeɛ ara ɛfiri sɛ wɔntumi nni ɔwia atenka no so.,run1,29.288037933379307,12.5848347939092,5.98404255319149
"For this reason, we are going to look at some of the ancient customs and traditions that we have abandoned today, and the benefits they derived from them.","Yei nti, yɛrebɛhwɛ tete amammerɛ ne amanneɛ binom a yɛayi wɔn akwa ɛnnɛ, ne mfasoɔ a na wɔnya firi so.",,"Eyi nti, yɛbɛhwɛ tete amammere ne amanneɛ a yɛagyae di so nnɛ no bi, ne mfasoɔ a na wɔnya firi mu no.",run1,62.019459569565846,12.5848347939092,5.98404255319149
"the fire service unit is still reminding us, and they repeatedly says that we should not let the gas cylinder get closer to the things that can easily absorb fire.","Dumgya adwumayԑkuo no gu so rebᴐ yԑn wei ho kᴐkᴐ, na wᴐka de to so sԑ, ԑnni kwan sԑ yԑde mframagya konkuraa no bԑn nneԑma a egya sᴐ mu ntԑm ne nneԑma a yԑtumi de sᴐ gya ho.",,"Ogya adumfoɔ no da so ara rekae yɛn, na wɔkɔ so ka mpɛn pii sɛ yɛmma gass silinda no mmɛn nneɛma a ogya tumi sɔ mu ntɛmntɛm.",run1,17.987977221787407,12.5848347939092,5.98404255319149
Today even some hunters put chemicals into fruits for the animals to eat before getting meat to sell to us.,Ɛnnε abᴐfoᴐ binom mpo de nnuro gu nnuaba so ma mmoa di ansa na wᴐanya nam abεtᴐn ama yεn.,,ɛnnɛ abɔmmɔfoɔ bi mpo de nnuro gu nnɔbaa mu ma mmoa no di ansa na wɔanya nam atɔn ama yɛn.,run1,48.91147452324628,12.5848347939092,5.98404255319149
"because naming ceremony is special culture, they have things that they use for the custom.","Ɛsiane sɛ abadintoɔ yɛ amammerɛ sononko nti, wɔwɔ nneɛma ahodoɔ bi a wɔde yɛ ɛmu amanneɛ no nyinaa",,"Efirisɛ abadintoɔ yɛ amamerɛ soronko nti, wɔwɔ nneɛma a wɔde yɛ amanneɛ no.",run1,60.51942078226805,12.5848347939092,5.98404255319149
"Let us see how the song goes! Akyinkyinakyinkyin ama mahu Akyinkyinakyinkyin ama mahu nneɛma, Akyinkyinakyinkyin ama mate nsɛm nnɛ, Asante Bonwire Kentenwene deɛ, Menhunuu bi da o, Asante Bonwire Kentenwene deɛ, Mentee bi da o, Kwame nim adeɛ yɔ, Ne kentenwene na abɔ me gyɛ, Ne nsa; ne nan, ne nsadua sɛ ɛregyegye nie: Kro, kro, kro, kro, Hi, hi, hi, hi,Krohikro hi krokrokro,Hi, hi, hi, hi,Krohikro,Na ɛyɛ me dɛ o,Na ɛyɛ me dɛ o,Na abɔ me gye koraa,Na ɛyɛ me dɛ o,Na abɔ me gye koraa.","Momma yɛnhwɛ sɛdeɛ dwom no kɔ ɛ! Akyinkyinakyinkyin ama mahu Akyinkyinakyinkyin ama mahu nneɛma, Akyinkyinakyinkyin ama mate nsɛm nnɛ, Asante Bonwire Kentenwene deɛ, Menhunuu bi da o, Asante Bonwire Kentenwene deɛ, Mentee bi da o, Kwame nim adeɛ yɔ, Ne kentenwene na abɔ me gyɛ, Ne nsa; ne nan, ne nsadua sɛ ɛregyegye nie: Kro, kro, kro, kro, Hi, hi, hi, hi,Krohikro hi krokrokro,Hi, hi, hi, hi,Krohikro,Na ɛyɛ me dɛ o,Na ɛyɛ me dɛ o,Na abɔ me gye koraa,Na ɛyɛ me dɛ o,Na abɔ me gye koraa.",,"Ma yɛnhwɛ sɛdeɛ dwom no teɛ! Akyinkyinakyinkyin ama mahu Akyinkyinakyinkyin ama mahu nneɛma, Akyinkyinakyinkyin ama mate nsɛm nnɛ, Asante Bonwire Kentenwene deɛ, Menhunuu bi da o, Asante Bonwire Kentenwene deɛ, Mentee bi da o, Kwame nim adeɛ yɔ, Ne kentenwene na abɔ me gyɛ, Ne nsa; ne nan, ne nsadua sɛ ɛregyegye nie: Kro, kro, kro, kro, Hi, hi, hi, hi,Krohikro hi krokrokro,Hi, hi, hi, hi,Krohikro,Na ɛyɛ me dɛ o,Na ɛyɛ me dɛ o,Na abɔ me gye koraa,Na ɛyɛ me dɛ o,Na abɔ me gye koraa.",run1,98.06406438361776,12.5848347939092,5.98404255319149
"These antibodies are present in the body and can fight certain diseases such as heart disease, cancer and diabetes.","Saa ahoɔdennuro yi wɔ nipadua no mu a, ɛtumi ko tia nyarewa binom tete sɛ akomayareɛ, kokoram ne asikyireyareɛ.",,"Saa nneɛma a ɛko tia nyarewa yi wɔ nipadua no mu, na ɛtumi si nyarewa ahodoɔ bi te sɛ akoma yareɛ, kɔkɔɔ, ne asikyire yareɛ ano.",run1,61.145080394585484,12.5848347939092,5.98404255319149
"He explained that, the country has enough gold to trade for oil in order to reduce the hike in the price of oil.","Ↄkyerɛ mu a, ɔman no asie sika kɔkɔɔ pii a wɔbɛtumi de adi nsesa agye fangoo sɛdeɛ ɛbɛyɛ a fangoo boɔ a ahuri kɔ soro no so bɛte.",,"Ɔkyerɛkyerɛɛ mu sɛ, ɔman no wɔ sika kɔkɔɔ a ɛdɔɔso a wɔde bɛsesa ngo de ate ngo boɔ a ɛkɔ soro no so.",run1,36.4946213883044,12.5848347939092,5.98404255319149
there is whitish water color coming from their vagina.,Nsuo fitaa bi firi wɔn ase ba.,,Nsuo fitaa fitaa firi ne twɛ mu ba.,run1,43.252607235536466,12.5848347939092,5.98404255319149
Say good things about yourself every day.,Ka nsɛm pa fa wo ho dabiara.,,Ka nneɛma pa fa wo ho da biara.,run1,74.47380560809597,12.5848347939092,5.98404255319149
"When we see others going through difficult times, a kind and needed word to their ears is a word of encouragement.","Mpanimfoɔ se, 'Akyea na ɛmmuiɛ, ɛsene abɛbuo nyinaa dɛ.' Tɛkyerɛma dɛ, kasadɛ anaa nkuranhyɛsɛm tumi sesa obi adwene firi di a ɔbɛdi ne ho awuo anaa nsusuiɛ bɔne bi ho.",,"Sɛ yɛhunu sɛ afoforo refa amanehunu mu a, asɛm pa a ɛho hia a yɛka kyerɛ wɔn ne nkuranhyɛsɛm.",run1,19.993340650640658,12.5848347939092,5.98404255319149
"When it comes to rape and such relationships, most of us think about eye contact or bedtime, and we don’t think about how we can enjoy our relationship with our loved ones when bedtime doesn’t happen in.","Sԑ yԑbᴐ mpenatweԑ ne ayᴐnkofa a ԑtete saa so a, deԑ yԑn mu pii no ara dwene ho ne anisoᴐ anaa mpa mu agodie, na yԑn adwene nkᴐ so sԑ yԑne yԑn adᴐfo ani bԑtumi agye wᴐ yԑn ayᴐnkofa no mu wᴐ berԑ a mpa mu agodie mpue mu.",,"Sɛ ɛba ɔdɔ ne abusuabɔ a ɛte saa so a, yɛn mu dodoɔ no ara dwene ani a yɛde hwɛ yɛn ho anaa mpa so asɛm ho, na yɛnnsusu sɛnea yebetumi ne yɛn adɔfoɔ anya anigye wɔ yɛn abusuabɔ no mu bere a mpa so asɛm biara nni mu no ho.",run1,28.697753844926368,12.5848347939092,5.98404255319149
The Association of Government Workers stated at a meeting held to discuss the salary increment proposal that they firmly stand their ground.,"Aban Adwumayɛfoɔ Nkabomkuo no kaa no Wukuada no wɔ nhyiamu bi a na wɔde reka akatua ntomu yi ho asɛm ase sɛ, wɔgyina deɛ wɔgyina no ara.",,"Wɔ nhyiamu a wɔyɛ de susuu akatua nkɔanim ho nyansahyɛ no ase no, Aban Adwumayɛfoɔ Fekuo no kaa sɛ wɔgyina pintinn wɔ wɔn gyinabea so.",run1,43.844509875447095,12.5848347939092,5.98404255319149
"If these people get married, with all the four children they will produce, two of them will have AS genotype ( half defect), and the other two will be SS ( full defect).","Sɛ saa nnipa baanu yi bu wɔn ani gu wei so ware a, mmɔfra baanan a wɔbɛwo biara mu no, ɛmu baanu gyɛnotaopo bɛyɛ AS (deɛ ɛho ate kyema kakra), na baanu a aka no nso deɛ ayɛ SS (deɛ ate kyema pa ara).",,"Sɛ saa nnipa yi ware a, mma baanan a wɔbɛwoɔ no, wɔn mu baanu bɛyɛ AS (ɔhaw no fa), na baanu a aka no nso bɛyɛ SS (ɔhaw no mũ no nyinaa).",run1,41.993158843319385,12.5848347939092,5.98404255319149
"These depict the kind of chief/king that is, the clan, the town, or whatever he wishes to put across to his people.","Wɔnam wei so da ɔhene ko, abusua ko a ɔfiri mu, kuro ko, anaa deɛ ɔhene no pɛ sɛ ɔde to ne manfoɔ anim adi.",,"Yeinom kyerɛ ɔhene no su, n'abusua, ne kurow, anaa asɛm biara a ɔpɛ sɛ ɔde to n'amanfoɔ anim.",run1,41.50021383645441,12.5848347939092,5.98404255319149
He graduated from university and came to Ghana to join the liberation struggle for the founding of the United Gold Coast Convention (UGCC).,Ɔwiee suapɔn no na ɔbaa Ghana bɛkaa mpanimfoɔ a na wɔrepere faahodie ama ɔman no ho maa wɔtee United Gold Coast Convention (UGCC) amanyɔkuo no.,,Ɔwiee suapɔn na ɔbaa Ghana bɛkaa fahodieko a na wɔde rehyɛ United Gold Coast Convention (UGCC) ase no ho.,run1,56.451919072354784,12.5848347939092,5.98404255319149
A mother who has lost both breasts to breast cancer.,Maame bi a nufoɔ mu kokoram ama wahwere ne nufo mmienu no nyinaa.,,Ɛna bi a wɔatwa ne nufu mmienu no nyinaa ɛnam nufu mu kokoram so.,run1,48.73669333406235,12.5848347939092,5.98404255319149
"before they will start the naming ceremony, they first pour libation to seek blessings from God, Asase Yaa, gods and ancesters.","Ansa na wɔbɛhyɛ abadintoɔ no ase no, wɔdi kan gu nsa de srɛ nhyira firi Tweaduampɔn, Asaase Yaa, Nananom abosom ne Nsamanfoɔ no nyinaa hɔ.",,"Ansa na wɔbɛhyɛ abadintoɔ no aseɛ no, wɔdi kan hwie nsa gu de srɛ nhyira firi Onyankopɔn, Asase Yaa, abosom ne nsamanfoɔ hɔ.",run1,62.86216452219497,12.5848347939092,5.98404255319149
This made schooling and education very important at the time.,Yei maa sukuukɔ ne nwomasua ho baa asɛm pa ara saa berɛ no.,,Eyi maa sukuukɔ ne nwomasua ho hiaa paa saa bere no.,run1,63.13797125749139,12.5848347939092,5.98404255319149
A person who observe that the ritual are perform a young lady is called Brahemmaa,"Onipa a ɔhwɛ goro mmaa bra tete no, wɔfrɛ no Brahemmaa.",,"Ababaawa a wɔyɛ amanneɛ ma no no, wɔfrɛ no Brahemmaa.",run1,48.005729532016254,12.5848347939092,5.98404255319149
Cancer is one of the biggest and most terrible diseases and it’s very hard to fight.,Kokoram yɛ yadeɛ kɛseɛ baako a ɛyɛ hu na ne ko nso yɛ den yie.,,Kɔkɔɔ yɛ nyarewa akɛseɛ a ɛyɛ hu paa no mu baako na ne ko yɛ den paa.,run1,38.527562141133856,12.5848347939092,5.98404255319149
"The workers also demanded the resignation of some of the company's mangers don’t have any documents to show their re-employment, hence the need for their immediate removal from office.","Adwumayɛfoɔ no pɛ sɛ mpanimfoɔ binom a wɔhwɛ adwumakuo no so no firi wɔn diberɛ no so ɛsiane sɛ baabi a wɔaduru no, ɛyɛ nhyɛ sɛ wɔn mfeɛ no nti wɔfiri adwuma no mu.",,"Adwumayɛfoɔ no nso hwehwɛɛ sɛ adwumakuo no mpanyimfoɔ no bi ngyae adwuma, ɛfiri sɛ wonni nkrataa biara a ɛkyerɛ sɛ wɔasan afa wɔn adwuma mu bio, enti ɛho hia sɛ wɔyi wɔn firi wɔn dibea mu ntɛm ara.",run1,44.721776232945984,12.5848347939092,5.98404255319149
"For this reason, it was used in some dishes such as bread and butter.","Yei nti, na wɔde yɛ nkwan binom te sɛ abunuabunu ne abɛnkwan.",,"Ɛno nti, na wɔde yɛ nnuane bi te sɛ paanoo ne bɔta.",run1,35.26379251043882,12.5848347939092,5.98404255319149
3.Mango: This fruit is often touted as the king of all fruits.,3.Amango: Wɔtaa bɔ saa aduaba yi mmrane sɛ nnuaba nyinaa hene.,,3. Mango: Wɔtaa kamfo adua yi sɛ ɛyɛ nnuaba nyinaa so hene.,run1,49.36900299014066,12.5848347939092,5.98404255319149
Adinkra Symbols historically come from Bonos in the Gyaaman enclave,Adinkra Agyinahyɛdeɛ abɔseɛ ankasa firi Abonofoɔ a wɔwɔ Gyaaman nkyɛn.,,"Abakɔsɛm mu no, Adinkra nsɛnkyerɛnne firi Bono a ɛwɔ Gyaaman mantam mu.",run1,31.976686675419813,12.5848347939092,5.98404255319149
Cut your fingernails whenever they are grown. Regularly trimming your feet and nails can protect you from certain microorganisms that can penetrate your nails and cause infections.,"Twitwa wo mmɔwerɛ berɛ biara a ɛbɛfu. Wotwitwa wo nan ne wo mmɔwerɛ berɛ ano berɛ ano a, ɛtumi bɔ wo ho ban firi mmoawa nketenkete binom a wɔbɛtumi awurawura wo mmɔwerɛ no mu akɔfa nyarewa aberɛ wo no ho.",,"Twa wo nsateaa so bɔwerɛ bere biara a ɛnyini. Sɛ wotwitwa wo nan ne wo bɔwerɛ no bere ne bere mu a, ɛbɔ wo ho ban fi mmoawa nketenkete a wɔtumi fa wo bɔwerɛ no mu de ɔyareɛ ba no ho.",run1,48.23482434848728,12.5848347939092,5.98404255319149
"The Government is asking the Government Employees Unions to hold it in the same respectful manner and to take into account the current financial crisis, and to be patient and to present a wish to the Government without thinking about the Government . . . .","Aban no resrɛ Aban Adumayɛfoɔ Nkabomkuo ahodoɔ no sɛ, anidie mu ara wɔnkurakura no saa ara na wɔmfa wɔn ani nto mprempren yi sikaseɛm mu ahokyerɛ a aba no so, na sɛ wɔde apɛdeɛ bi bɛto aban anim a wɔnnwene aban ho, na wɔnto wɔn bo ase.",,"Aban no resrɛ Aban Adwumayɛfoɔ Nkabomkuo no sɛ wɔmfa obu koro no ara nni asɛm no ho dwuma, na wɔnhwɛ sikasɛm mu ɔhaw a ɛwɔ hɔ mprempren yi, na wɔntɔ wɔn bo ase na wɔde wɔn adesrɛdeɛ ato Aban no anim a wɔrennwene Aban no ho . . . .",run1,46.754887488412464,12.5848347939092,5.98404255319149
"In the olden days, our grandparents used to go hunting for crabs to prepare soup.","Tete no, na yɛn nananom taa kɔ kɔtɔbɔ kɔpɛ nkɔtɔ bebree de bɛyɛ nkwan di.",,"Tete no, na yɛn nananom kɔyi nkotokuo de bɛnoa nkwan.",run1,42.26335246356009,12.5848347939092,5.98404255319149
The rest of the names are from situation or the day the child was born.,Edin ahodoɔ a aka no nyinaa firi tebea bi anaa ɛda a wɔwoo abɔfra no mu.,,Edin a aka no gyina tebea anaa da a wɔwoo abɔfra no so.,run1,49.69656332342968,12.5848347939092,5.98404255319149
Diabetes can damage the blood vessels of the legs and feet.,Asikyire yadeɛ tumi sɛe ntini a ɛma nan ne nansowa mogya no.,,Asikyire yareɛ bɛtumi asɛe mogya ntini a ɛwɔ nan ne nan ase no.,run1,56.00348622340583,12.5848347939092,5.98404255319149
"These things are a source of love, and bring special happiness to lovers","Saa nneԑma yinom yԑ adeԑ a ԑhyԑ ᴐdᴐ mu den, na ԑde anigyeԑ soronko brԑ adᴐfoᴐ.",,"Nneɛma yi de ɔdɔ ba, na ɛde anigyeɛ soronko ma adɔfoɔ",run1,27.518248312477123,12.5848347939092,5.98404255319149
Listening to music can help the brain to recall things.,Nnwomtie boa ma adwene no tumi kaekae nnoɔma ntɛm.,,Nnwom tie tumi boa adwene ma ɛkae nneɛma.,run1,42.93282415375959,12.5848347939092,5.98404255319149
the mother wear white cloth as well as the child also wear white dress.,Ɔbaatan no fura ntoma fitaa na abɔfra no nso ahyɛ ataadeɛ fitaa saa ara.,,ɛna no hyɛ ntoma fitaa na abofra no nso hyɛ atadeɛ fitaa.,run1,52.12680798747043,12.5848347939092,5.98404255319149
"I take this opportunity to ask the institute of language and culture that, we know that they are still working on writing Bono Twi, but it would have been a little earlier, because research and studies shows that if we take our eyes off a language, that  particular language will die out of the system.","Menam saa akwanya yi so resrɛ asoɛeɛ a ɛwↄ kasa ne amammerɛ so no sɛ, yɛnim sɛ wↄgu so redi ho dwuma sɛ wↄbɛtwerɛ Bono Twi no deɛ, nanso anka ɛyɛɛ ntɛm kakra a anka ɛyɛ, ɛfiri sɛ nhwehwɛmu ne adesua kyerɛ sɛ, sɛ yɛyi yɛn ani ma kasa bi pii a ɛwu.",,"Mefa saa akwanya yi de srɛ kasa ne amammerɛ adesuabea no sɛ, yenim sɛ wɔda so reyɛ adwuma wɔ Bono Twi twerɛ ho, nanso anka ɛyɛ a, na ɛba ntɛm kakra, efirisɛ nhwehwɛmu kyerɛ sɛ, sɛ yeyi yɛn ani firi kasa bi so a, kasa a ɛte saa no bɛyera afiri yɛn nnipa mu.",run1,53.78748417722608,12.5848347939092,5.98404255319149
This does not imply that you should overeat them if you are unable to conceive.,Wei nkyerԑ sԑ woanyinsԑm a di no mmorosoᴐ.,,Eyi nkyerɛ sɛ ɛsɛ sɛ wodi dodo sɛ woantumi annyem a.,run1,25.43044310388461,12.5848347939092,5.98404255319149
"When he was five his father lost his life, and when he was sixteen he dropped out of school.","Ɔdii mfeɛ nnum no na ne papa hweree ne nkwa, ɔnyaa mfeɛ du nsia no nso na ɔgyaee sukuukɔ.",,"Bere a na wadi mfeɛ anum no, ne papa wuiɛ, na ɔdii mfeɛ dunsia no, ɔgyaee sukuu.",run1,48.20593826851557,12.5848347939092,5.98404255319149
all these are good characters that can make one be a successful person in life.,Yeinom nyinaa yɛ suban pa a sɛ woma ɛdi w'anim a wobɛtumi adi yie wɔ abrabɔ mu.,,Wei nom nyinaa yɛ suban pa a ɛtumi ma onipa di yie wɔ asetena mu.,run1,52.39048492477075,12.5848347939092,5.98404255319149
An example of this type of death is when someone has reported a headache and on that same day the person has lost their life.,Saa wuo yi ho nhwɛsoɔ ne sɛ obi aka sɛ ne ti yɛ no ya na saa da no ara onipa no ahwere ne nkwa.,,"Nhwɛsoɔ a ɛfa owu a ɛte sɛɛ ho ne sɛ, obi aka sɛ ne ti yɛ no yaw na ɛda koro no ara ɔnipa no awu.",run1,47.296414341874275,12.5848347939092,5.98404255319149
"A petition has been issued, requesting residents of these areas to be in their houses at night. This is a cultural tradition and a way to honor the departed chief.","Ɛho adesrɛ aba sɛ wɔn a wɔtete saa beaeɛ no nyinaa nhyɛ wɔn dan mu anadwo no nyinaa wɔ berɛ a wɔbɛdundum kanea no mu, na wɔmfa nkyerɛ anidie a wɔwɔ ma wɔn hene yi.",,Wɔde nkrataa ato dwa a ɛresrɛ nnipa a wɔte mmeaemmea yi so sɛ wɔntena wɔn afie mu anadwo. Eyi yɛ amammerɛ na ɛyɛ ɔkwan a yɛfa so de hyɛ ɔhene a wanya ne baabi kɔ no animuonyam.,run1,29.551560099708997,12.5848347939092,5.98404255319149
"The government through the Department of County Local Government and two other bodies responsible for development and finance constructed this building located on the County capital, Nareligu.","Aban nam Asoeɛ a ɛhwɛ Mantam Amammuo nketewa soɔ no ne akuo afoforɔ mmienu bi a wɔhwɛ mpuntuo ne sikasɛm soɔ no so na ɛsii saa dan yi a ɛsi Mantam no kuropɔn, Nareligu so.",,"Aban no, ɛnam Amansin Mpɔtam Aban Dwumadibea ne akuo foforɔ mmienu a wɔhwɛ nkɔsoɔ ne sikasɛm so no so na ɛsii adan yi a ɛwɔ Mansin no ahenkuro, Nareligu.",run1,47.03135887975936,12.5848347939092,5.98404255319149
Singer Ephraim Amu's song written in Ghana reads:,Ɔdwomtoni Ephraim Amu dwom a ɔtwerɛ Ghana no mu nsɛm se:,,Ɔdwontoni Ephraim Amu dwom a ɔtwerɛɛ no wɔ Ghana no kenkan sɛ:,run1,66.96159026700337,12.5848347939092,5.98404255319149
"Then, you can share this knowledge with others, and they will be self-sufficient.","Afei, wobɛtumi akyɛ ama afoforɔ nso nsa aka nimdeɛ yi, na wɔada wɔn ho so.",,"Afei, wobɛtumi akyɛ nimdeɛ yi ama afoforo, na wɔn nso bɛtumi agyina wɔn ankasa anan so.",run1,58.12480836923329,12.5848347939092,5.98404255319149
"Because of this, they should consider the struggling citizens and reduce the prices of their products","Wei nti sɛ wɔbɛtumi atete wɔn nneɛma no so nko ara deɛ a, wɔmfa wɔn ani nto nnipa a wɔte ɔman yi mu a wɔrebrɛ no.",,"Ɛno nti, ɛsɛ sɛ wɔdwene ɔmanfoɔ a wɔrebrɛ no ho na wɔte wɔn nnoɔma boɔ so",run1,29.595510109977297,12.5848347939092,5.98404255319149
"Investigations shows that, after the match, Tuchel went to the football pitch in Cobham where the Chelsea players were preparing themselves to congratulate them and have a chat with them on the match.","Nhwehwɛmu kyerɛ sɛ, akansie no akyi no, Tuchel kↄↄ agoprama a Chelsea foↄ siesie wↄn ho wↄ so wↄ Cobham no so sɛ ↄrekↄbↄ wↄn aba so na ↄne wↄn adi akansie no ho nkↄmmↄ.",,"Nhwehwɛmu kyerɛ sɛ, agorɔ no akyi no, Tuchel kɔɔ bɔɔlbɔ agorɔprama no so wɔ Cobham, baabi a na Chelsea agorɔfoɔ no resiesie wɔn ho no, sɛ ɔrekɔma wɔn amo na ɔne wɔn abɔ nkɔmmɔ afa agorɔ no ho.",run1,44.4616809119931,12.5848347939092,5.98404255319149
It can make men sexually active,Ɛtumi ma mmarima ho yε den wᴐ mpam ne nna mu nsεm mu.,,Ɛma mmarima ho yɛ den wɔ mpa so,run1,35.04895516547881,12.5848347939092,5.98404255319149
USA is a country with a very large population.,USA yɛ ɔman a ɛmu nnipa dɔɔso pa ara.,,USA yɛ ɔman a emu nnipa dɔɔso pa ara.,run1,86.31885674989124,12.5848347939092,5.98404255319149
"The charges against Aisha Huang include her return to the country, engaging in galamsey (illegal mining) without authorization, assisting others to undertake illegal mining activities, and illegally employing foreigners.","Ɛnonom ne ba a ɔsane baa ɔman yi mu wɔ berɛ a wɔabara no wɔ ho, galamsey adwuma a ɔbɛyɛeɛ a mmara mmaa no ho kwan, boa a ɔboaa afoforɔ binom maa wɔde wɔn ho hyɛɛ fam agudeɛtuo adwuma no mu ne amamfrafoɔ binom wamfa mmara kwan so de faa wɔn adwuma.",,"Soboɔ a wɔde abɔ Aisha Huang no bi ne sɛ ɔsan baa ɔman no mu, ɔyɛɛ galamsey a ɔnni ho kwan, ɔboaa afoforɔ ma wɔyɛɛ galamsey, na ɔfaa ahɔhoɔ adwuma mu a ɛne mmara nhyia.",run1,29.82003803010066,12.5848347939092,5.98404255319149
"He thereby asked the government to come and build their roads for them and protect his name, the name of the city, and the name of his political party, so that they too would have their share, otherwise they would vote, but they were given eyes will turn to the other side.","Ↄnam wei so srɛɛ aban sɛ ɔmmɛyɛ wɔn akwan no mma wɔn na ɔmmɔ ne din, kuro no din, ne n’amanyɔkuo no din ho ban, na wɔn nso nnya wɔn kyɛfa bi, ɛnnyɛ saa a, wɔbɛto aba no deɛ, nanso wɔde wɔn ani bɛkyerɛ ɔfa foforɔ so.",,"Enti ɔsrɛɛ aban no sɛ ɔmmɛsi wɔn akwan no mma wɔn na ɔmmɔ ne din, kuro no din, ne n'amanyɔkuo no din ho ban, sɛdeɛ ɛbɛyɛ a wɔn nso bɛnya wɔn kyɛfa, sɛ ɛnyɛ saa a, wɔbɛto aba deɛ, nanso wɔn ani bɛdane akɔ ɔfa foforɔ.",run1,70.45252220555741,12.5848347939092,5.98404255319149
"Anytime we get chance to visit the kenteweaver at Bonwire, we will know the type of kente and new ones and how it is been weaved.","Berɛ biara a yɛbɛnya kwan akɔ Bonwire Kentenwonobea hɔ no, yɛbɛtumi ahunu kente no mu ahodoɔ a yɛrebɛhwɛ no seesei ara ne afoforɔ pii nso ɛka ho, ne kwan a wɔfa so yɛ no.",,"Bere biara a yɛbɛnya kwan akɔsra kentenwomfoɔ a wɔwɔ Bonwire no, yɛbɛhunu kente ahodoɔ ne deɛ ɛyɛ foforɔ ne sɛdeɛ wɔnwom no.",run1,43.616046583162216,12.5848347939092,5.98404255319149
"Dommo sprouts from a dead apple tree, sibire sprouts from a hidden tree(Hence the saying, : ""If you pluck a vine you mean to hide it""), grass sprouts from a dry ground, and soil from a weed.","Dommo fifiri abɛ dua a awuo ho, sibire fifiri esie ho(Ɛno nti na wɔbuu bɛ bi sɛ, : ""Sɛ wotu mmire a na woakyerɛ sie"" no), nkankom fifiri asase kesee so, ɛnna asaseɛ nso fifiri dufɔkyeɛ ho.",,"Dommo pue firi apɔɔl dua funu so, sibire pue firi dua a ahinta so (Ɛno nti na ɛbɛ no se, ""Wote ham a, na wode resie""), wira fifi wɔ asaase kesee so, na dɔteɛ nso firi nwura mu.",run1,37.85364677095943,12.5848347939092,5.98404255319149
Can we stop these?,Yεbεtumi agyae weinom?,,Yɛbɛtumi agyae yeinom?,run1,57.4261122577686,12.5848347939092,5.98404255319149
the district whose people are not living in extreme poverty is the Dormaa West district (9. 9%).,Mansini wɔn ho nhyɛ da nkyere wɔn pii wɔ Bono Ahafo Mantam mu sɛdeɛ nhwehwɛnu no daa no adi ne Dɔmaa Atɔeɛ Fam Mansini no mufoɔ (9. 9%).,,Mansin a n'amanfoɔ nte ohia buburoo ase ne Dormaa Atɔeɛ mansin (9.9%).,run1,23.386999745343964,12.5848347939092,5.98404255319149
"laziness in marriage; marriage or dating need corrections and working, so if both decides to work on their relationship together, it will help the marriage to be successful.","Awadeɛ mu akwadworɔ; Awadeɛ anaa mpenatweɛ biara hia nsiesie ne adwuma, ne saa nti sɛ baanu no nyinaa yɛ wɔn adwene sɛ wɔbɛka abɔ mu ayɛ wɔn ayɔnkofa no ho adwuma a, ɛbɛboa ama awadeɛ no anyini na ayɛ fɛ.",,"Anibereɛ wɔ awareɛ mu; awareɛ anaa ɔdɔ hwehwɛ nsiesieɛ ne adwumaden, enti sɛ wɔn mmienu no nyinaa bɔ mmɔden bom yɛ wɔn ntam no ho adwuma a, ɛbɛboa ama awareɛ no ayɛ yie.",run1,42.38335049439845,12.5848347939092,5.98404255319149
"Experts say that when women eat carrots it keep their body's hormones in the right place, it helps to keep the hormones in their body working properly.","Animdefoɔ kyerɛ sɛ, sɛ mmaa di karɔto ma asikyire a ɛwɔ wɔn nipadua mu no tumi gyina baabi a ɛfata a, ɛboa ma nkwammoa a ɛwɔ wɔn mu a ɛma wɔyɛ mmaa no tumi yɛ adwuma wɔ kwan a ɛfata so.",,"Abɛɛfoɔ ka sɛ, sɛ mmaa di karɔt a, ɛboa ma wɔn nipadua mu hormones no yɛ adwuma pɛpɛɛpɛ.",run1,31.445840188034573,12.5848347939092,5.98404255319149
"He pointed out that the main occupation of the people of the Southern Province is mining, which is also leading them to the grave.","Ɔkyerɛɛ sɛ adwuma titire a Amanseɛ Anaafoɔ mansini hɔfoɔ yɛ ne fam agudeɛtuo, na ɛno nso na ɛde wɔn rekɔ asamando.",,"Ɔkyerɛɛ mu sɛ Southern Provincefoɔ adwuma titiriw ne aboɔ tutu, a ɛno nso de wɔn kɔ owuo mu.",run1,30.45154886582721,12.5848347939092,5.98404255319149
Someone whose blood type is B can only donate blood to someone whose blood type is B or AB.,"Obi nso mogya nkyekyɛmu pɔtee yɛ B a, ɔbɛtumi atwe mogya ama obi a ne deɛ yɛ B anaa AB nko ara.",,"Obi a ne mogya kuo yɛ B no, ɔtumi ma mogya ma obi a ne mogya kuo yɛ B anaa AB nkoaa.",run1,42.794779023178585,12.5848347939092,5.98404255319149
Sometimes the fear our work can scare us!,"Ɛtɔ da a, nnwuma a ɛsɛ sɛ yɛyɛ no ho suro bɛtumi ama ehu aka yɛn!",,"Ɛtɔ da a, yɛn adwuma no mu ɛhu no tumi hunahuna yɛn!",run1,29.08417832981946,12.5848347939092,5.98404255319149
"In fact, Aisha Huang's appeal itself is being defended by NPP figure, Nkrabea Effah Dartey.","Sɛ yɛhwɛ mu a, Aisha Huang opeemu no ankasa deɛ, NPP mu nnipa titire, Nkrabea Effah Dartey na ↄregyina n’afa adi n’asɛm no.",,"Nokwarem no, Aisha Huang n'appeal no ankasa, NPP mu onipa titire, Nkrabea Effah Dartey na ɔregyina akyi.",run1,56.426741341030194,12.5848347939092,5.98404255319149
Listening to music also helps the brain to recall memories very well.,Nnwomtie nso tumi boa ma adwene no kae nneɛma ntɛntɛm so.,,Nnwom tie nso boa adwene no ma ɛkae nkaeɛ yie paa.,run1,43.8138263870134,12.5848347939092,5.98404255319149
"In view of that, they hang potatoes found on the farm on a stick and position them at the end of the farm.",Ne saa nti wɔde nkamfoɔ a ɛyɛ Akanfoɔ nnuane a wɔnya firi afuom no sina dua sini so si afuo no ano baabi.,,"Ɛno nti, borɔdeɛ a wɔnya no wɔ afuom hɔ no, wɔde sɛn pema so na wɔde si afuo no ano.",run1,28.85187686252573,12.5848347939092,5.98404255319149
"A 47-year-old man, who was a former headmaster at Mpatasie D/A Training School in Amanse South District, Asante state, has lost his life in a pit he dug himself in search of earthworks.","Owura bi a wadi mfeɛ 47, na ɔyɛ akyerɛkyerɛfoɔ panin abɛdiakyire wɔ Mpatasie D/A Nteteɛ sukuu a ɛwɔ Amanseɛ Anaafoɔ Mansini mu, Asante mantam, ahwere ne nkwa wɔ amena a ɔno ara atu de pɛ fam agudeɛ mu.",,"Ɔbarima bi a wadi mfeɛ aduanan nson, a na ɔyɛ sukuu panyin dada wɔ Mpatasie D/A Ntetee Sukuu a ɛwɔ Amanse Anaafoɔ Mansin mu wɔ Asanteman mu no, awu wɔ amena bi a ɔno ara tuuɛ sɛ ɔde rehwehwɛ agudeɛ mu.",run1,52.84377526021697,12.5848347939092,5.98404255319149
At the same time he was sent to live with his father Vernon Winfrey in Nashville.,Saa berε no mu ara na wɔmaa no kɔtenaa ne papa Vernon Winfrey nkyεn wɔ Nashville.,,"Saa bere no ara, wɔsomaa no sɛ ɔnkɔtena ne papa Vernon Winfrey nkyɛn wɔ Nashville.",run1,66.35805903694701,12.5848347939092,5.98404255319149
"First, he took office as leader of the Union of African students studying in the United States and Canada.","Deɛ ɛdi kan no, ɔbɛdii adeɛ sɛ asuafoɔ a wɔfiri Abibirem a wɔresua adeɛ wɔ Amerika ne Kanada Nkabom kuo no kannifoɔ.",,"Nea ɛdi kan no, ɔdii Abibifoɔ asuafoɔ a wɔresua adeɛ wɔ United States ne Canada no Fekuo no anim.",run1,44.644964979673105,12.5848347939092,5.98404255319149
"The King of kings blessed the Asanteman with the Kwame Frimpon Morning October, making Asanteman very borderless.","Tweaduampɔn Kwame Basayiadɔm de Kwame Frimpɔn Anɔkye Kɔtɔbere hyiraa Asanteman no, ɛmaa Asanteman mu yɛɛ hye yie.",,"Ahemfo mu Hene no hyiraa Asanteman de Kwame Frimpon Anɔpa Ahinime no, na ɛmaa Asanteman anhunu ɔhyeɛ koraa.",run1,43.05045637334859,12.5848347939092,5.98404255319149
"He explained that if we do this, it ensure long term stability of the currency","Ↄkyerɛɛ sɛ wei yɛ adeɛ a ɛyɛ pa ara, ɛfiri sɛ ɛbɛboa ama ɔman no sika no agyina brane mmerɛ tenten.",,"Ɔkyerɛkyerɛɛ mu sɛ, sɛ yɛyɛ yei a, ɛbɛma sika no agyina pintinn mmerɛ tenten.",run1,39.73021485167154,12.5848347939092,5.98404255319149
"It's because of this, they got the money.",Ɛnam wei so na ɔnyaa sika no.,,Ɛno nti na wɔnyaa sika no.,run1,54.35587181641769,12.5848347939092,5.98404255319149
These aforementioned 14 Queenmothers are those who has reigned the Ashanti Kingdom up till now,Mmaa mpanimfoɔ a yɛabobɔ wɔn din yinom ne ahemmaa dunan a wɔadi Asanteman ahemmaa adwa no firi tete bɛsi ɛnnɛ.,,Saa Ahemmaa dunan yi na wɔadi adeɛ wɔ Asante Ahemman no mu de bɛsi nnɛ.,run1,34.101199863959906,12.5848347939092,5.98404255319149
"Which means, he has to receive advise from his elders and his people because they enthroned him.","Asekyerɛ ne sɛ, ɛwɔ sɛ ɔgye afutuo firi ne mpanimfoɔ no ne ne manfoɔ nkyɛn, ɛsiane sɛ, wɔn na wɔsii no ɔhene.",,"Asekyerɛ ne sɛ, ɛsɛ sɛ ɔgye afutuo firi ne mpanyimfoɔ ne ne manfoɔ hɔ ɛfiri sɛ wɔn na wɔsii no hene.",run1,66.86364465794988,12.5848347939092,5.98404255319149
"Afterwards, there would be gunshots as part of their culture to show how grievous they are.","Wɔwie nso a, wɔbɛtoto atuo sɛdeɛ wɔn amammerɛ teɛ no de akyerɛ sɛdeɛ adeɛ atɔ wɔn ani ama wɔ ani atutu agu wɔn nsam no.",,"Afei, sɛ wɔn amammerɛ fa no, wɔtow atupa de kyerɛ wɔn awerɛhow.",run1,23.546928755349736,12.5848347939092,5.98404255319149
"He passed away on January 16, 1980 at the age of ninety","Ɔdii mfeɛ aduokron no na ɔhweree ne nkwa wɔ Ɔpɛnimaa 16, 1980.",,"Ɔwuiɛ wɔ Ɔpɛpɔn da a ɛtɔ so dunsia, afe apem ahankron aduɔwɔtwe mu, na wadi mfeɛ aduɔkron.",run1,29.080005358447785,12.5848347939092,5.98404255319149
"Because it helps to reduce the control of obesity, eating apples makes it very difficult to gain weight.","Ɛsiane sɛ ɛboa ma akɛsefoɔ so tumi te nti, sɛ obi di aprɛ a ɛbɛyɛ den pa ara sɛ ɔbɛyɛ kɛseɛ aboro so.",,"Efisɛ ɛboa ma yɛsɔ ɔbrɔsoɔ ano nti, apɔɔl didi ma ɛyɛ den yiye sɛ obi bɛyɛ kɛseɛ.",run1,34.36197310548474,12.5848347939092,5.98404255319149
Their struggle for immediate independence for this country led to their imprisonment.,Pere a wɔrepere sɛ wɔbɛnya fawohodie ama ɔman yi ntɛm so no de wɔn kɔwiee afiase nna.,,Wɔn akokoakoko a wɔde pɛɛ sɛ ɔman yi nya ahofadie ntɛm ara no na ɛmaa wɔde wɔn guu afiase.,run1,30.666111047673223,12.5848347939092,5.98404255319149
"this chapter is meant for married couples only, so take note.","Saa ɔfa yi kɔ ma awarefoɔ nko ara, nti hyɛ no nso.",,"Saa ti wei yɛ ma awarefoɔ nkutoo, enti monhyɛ no nso.",run1,49.35271609642489,12.5848347939092,5.98404255319149
It is this same palm weevil larvae that grows palm weevil.,Akɔkono korɔ yi ara na ɔtumi ynini bɛdane asorɔmɔdwe.,,Ɛyɛ akokɔno yi ara na ɛnyini bɛyɛ abɛbɛdɛ.,run1,24.000174976896037,12.5848347939092,5.98404255319149
"Meaning, the person who live moral life is who a child is named after.","Kyerɛ sɛ, onipa ɔbɔ abrabɔ pa no, na wɔde abɔfra to no.",,"Kyerɛ sɛ, onipa a ɔbɔ bra pa no na wɔde abofra to no.",run1,62.34149157982118,12.5848347939092,5.98404255319149
"What causes the feces to remain in the large intestines for such a long time, then?",Ɛnneɛ na ɛdeɛn na ɛma agyanan no tumi kyɛre yie wɔ nsono kɛseɛ no mu?,,"Na ɛndeɛ, dɛn na ɛma bin no tena nsakyiremu no mu kyɛ saa?",run1,28.432931350921525,12.5848347939092,5.98404255319149
"I believe that the foregoing has shown you that it is wrong to think that farmers are poor, unclean, or that farming is a dishonorable occupation.","Megye di sɛ, kakra a yɛabobɔ so yi ara ama woahunu sɛ, ɛnyɛ papa sɛ yɛbɛnya adwene sɛ akuafoɔ di hia, wɔn ho nte, anaasɛ kuayɔ yɛ adwuma a animuonyam biara nni mu.",,"Megye di sɛ nea yɛaka yi akyerɛ wo sɛ ɛnyɛ papa sɛ wubesusuw sɛ akuafoɔ yɛ ahiafoɔ, wɔn ho nni fɛ, anaasɛ kuayɛ yɛ adwuma a animtiaabu wom.",run1,45.7078777527736,12.5848347939092,5.98404255319149
"Whatever they did, all they wanted was to eat bread with sticks.","Sɛdeɛ na wɔyɛ no biara, deɛ na wɔpɛ ara ne sɛ wɔde mmire bɛyɛ nkwan adi.",,"Biribiara a wɔyɛeɛ no, nea na wɔpɛ ara ne sɛ wɔde nnua bɛdi paanoo.",run1,44.55781045270472,12.5848347939092,5.98404255319149
"In addition, milk contains antioxidants that can digest foods and remove excess fat from the body to provide the body with the necessary fat in our blood.","Afei nso, ahoɔdennuro bi wɔ mmire mu a ɛtumi sɔne nnuane a yɛdi no so yi sradeɛ a aboro so no firi nipadua no mu sɛdeɛ ɛbɛma yɛanya sradeɛ a nipadua no hia wɔ yɛn mogya mu.",,"Afei nso, nufusu wɔ nnuru bi a ɛboa ma aduane yam na ɛyi sradeɛ a ɛboro soɔ firi nipadua no mu, na ama nipadua no anya sradeɛ a ɛho hia no wɔ yɛn mogya mu.",run1,50.587038832262245,12.5848347939092,5.98404255319149
So they rushed her to the Trinity Hospital in Ashaiman.,"Afei, wɔyɛɛ ntɛm de no kɔɔ Trinity Ayaresabea a ɛwɔ Ashaiman no mu.",,Enti wɔde no tuu mmirika kɔɔ Trinity Ayaresabea a ɛwɔ Ashaiman.,run1,63.05489194846759,12.5848347939092,5.98404255319149
3. Identify potential distractions and avoid them all if possible.,"3.Ɛbɛyɛ yie a, hunu nneɛma a ɛbɛtumi atwetwe w'adwene no na twe wo ho firi ne nyinaa ho.",,"3. Hunu nneɛma a ɛbɛtumi atwetwe w'adwene no na sɛ ɛbɛyɛ yie a, kwati ne nyinaa.",run1,70.62319569667424,12.5848347939092,5.98404255319149
There are bottles or hands in places,Ԑborᴐ anaa nsaa gugu mmeaԑ hᴐ,,Ntoa anaa nsa wɔ mmeaeɛ bi,run1,31.3381601997568,12.5848347939092,5.98404255319149
"When the investigation ended, some of the things that came to light are as follows.","Berɛ a nhwehwɛmu no baa awieeɛ no, nneɛma binom a ɛbɛdaa adi na ɛdidi soɔ yi.",,"Nhwehwɛmu no wieeɛ no, nneɛma a ɛdaa adi no bi ne sɛdeɛ ɛdidi soɔ yi.",run1,61.517493725157266,12.5848347939092,5.98404255319149
"He said that they do not accept that he is not guilty; however, those who leveled the allegations against him have failed to prove his guilt with evidence.","Ↄkaa sɛ, sɛ ɔka sɛ ɔdi bem a, wɔnnye ntom, na wɔbisa wɔn a wɔayɛ saa nhyehyɛeɛ yi atia no no sɛ wɔmfa adanseɛ ne nokorɛ mmra nso a, wɔntumi nnyi ano.",,"ɔkaa sɛ wɔnnye ntom sɛ ɔnni fɔ, nanso wɔn a wɔbɔɔ no soboɔ no antumi amfa adanseɛ ankyerɛ sɛ ɔdi fɔ.",run1,34.442635646077775,12.5848347939092,5.98404255319149
"Absolutely! Regardless of political affiliations, every Ghanaian should prioritize the development and progress of the country.","Yɛde amanyɔsɛm to nkyɛn a, ɛsɛ sɛ yɛkae sɛ, ɛyɛ Ghanani biara asɛdeɛ sɛ ɔde nokorɛdie ne ɔmampɛ honhom bɛpere ɔman no nkɔsoɔ.",,"Ampa! Sɛ yɛde amanyɔsɛm to nkyɛn a, ɛsɛ sɛ Ghanani biara de ɔman no nkɔsoɔ ne nkɔanim si n'ani so.",run1,50.84566786688983,12.5848347939092,5.98404255319149
"These organs are male and lie at the base or mouth of the bladder, which is called the bladder.","Honam akwaa a yɛreka ho asɛm yi yɛ mmarima deɛ a ɛhyɛ wɔn dwonsɔtwaa, deɛ broni bɛbɔ din sɛ blada no ase anaa ano pɛɛ.",,Akwaa yi yɛ mmarima dea na ɛda nea yɛfrɛ no dwensɔtwaa no ase anaa n'ano.,run1,35.39797180315849,12.5848347939092,5.98404255319149
We also often see some people who just messed-up their job.,Yɛtaa hunu nnipa binom nso a wɔyɛ wɔn nnwuma basaa.,,Yɛtaa hu nso nnipa bi a wɔasɛe wɔn adwuma.,run1,40.314071036933775,12.5848347939092,5.98404255319149
The name by which this man is best known to all is J.B.,Edin a nnipa nyinaa de nim Owura yi yie pa ara ne J.B.,,Din a nnipa nyinaa de nim ɔbarima yi ne J.B.,run1,56.35416692467407,12.5848347939092,5.98404255319149
What they do is put a calabash on a branch of a tree at their palm wine tapping location.,"Deɛ wɔyɛ ne sɛ, wɔde korafa anaasɛ kukufa si dua nkorabata bi mu de si beaeɛ a wɔyɛ wɔn nsa no.",,"Deɛ wɔyɛ ne sɛ, wɔde apakyie si dua nkorabata so wɔ wɔn nsa turo mu.",run1,46.76917823921769,12.5848347939092,5.98404255319149
The following are examples.,Ebi na ɛdidi soɔ yi,,Deɛ ɛdidi soɔ yi yɛ nhwɛsoɔ.,run1,53.52284904522367,12.5848347939092,5.98404255319149
"On the other hand, we can use some of the natural spices around us like peppermint, coconut milk, chicken thighs, turmeric (tumeric), thyme, pepper, wisa, rosemary, leather seeds, galeke, akekaduro and many more replace these ingredients to cook our food to taste and smell good, and to ensure our health.","Kwan foforɔ so no, yɛbɛtumi de abɔdeɛ mu nnuhuam ahodoɔ a atwa yɛn ho ahyia bi te sɛ prɛkɛsɛ, dawadawa, akokɔ mmɛsa, akabɛ (tumeric), hwenteaa, pɛprɛ, wisa, rosemary, wedeɛ aba, galeke, akekaduro ne deɛ ɛkeka ho pii asi saa nneɛma yi anan mu de anoa yɛn nnuane ama ayɛ dɛ ayɛ huam, na ama yɛn apɔmuden asi pi asi ta.",,"Wɔ afã foforɔ no nso, yɛbɛtumi de abɔdeɛ mu nnuhwam a ɛwɔ yɛn mpɔtam no bi te sɛ peppermint, kube mmilk, akokɔ srɛ, turmeric, thyme, mako, wisa, rosemary, leather seeds, galeke, akekaduro ne pii a ɛkeka ho asi nnoɔma foforɔ ananmu de anoa yɛn aduane ama ayɛ dɛ na ayɛ hwam, na abɔ yɛn apɔmuden nso ho ban.",run1,50.064977531184304,12.5848347939092,5.98404255319149
"Ideally, join a team that you know well and know can help you achieve your goals.","Ɛbɛyɛ yie a, fa wo ho dɔm kuo bi a wonim wɔn yie na wonim sɛ wɔbɛtumi aboa wo ama woaduru wo botaeɛ ahodoɔ ho.",,"Sɛ ɛbɛyɛ yie a, kɔka kuo bi a wunim wɔn yie na wunim nso sɛ wɔbɛtumi aboa wo ma woadu wo botaeɛ ho.",run1,57.82958988487017,12.5848347939092,5.98404255319149
This will take place after he meets with his superiors and is informed by the committee responsible for financial planning,Mmom yei bɛyɛ berɛ a ɔne ne mpanimfoɔ ahyia ama ekuo a wɔda sikasɛm ho ntotoeɛ ano no abɔ mu akyerɛ no no akyi.,,Ebesi sɛ ɔne n'apanyin hyia wie na boayikuo a ɛhwɛ sika ho nhyehyɛeɛ so no bɔ no amanneɛ a.,run1,22.923985804682225,12.5848347939092,5.98404255319149
"You may even vomit, your stomach may become swollen, and some body parts may not move, or may not function properly","Wobԑtumi mpo afe, w’afu tumi yԑ kufuu, na nipadua no akwaa no binom wᴐ hᴐ a, wontumi mpagya, anaa ԑntumi nyԑ adwuma papa.",,"Wubetumi mpo afe, wo yafunu betumi ahuru, na wo nipadua akwaa bi rentumi nkeka anaa ɛnyɛ adwuma yiye.",run1,36.51835281822325,12.5848347939092,5.98404255319149
"They must make sure that the 2023 budget should include the extension of out-of-field training and government-sponsored professional training programs in the Presidential Palace, Legislative Assembly and State-owned Agencies;","ℇsɛ sɛ wɔtwe nteteeɛ a wɔnya firi abɔntene ne adwumayɛfoɔ nteteeɛ dwumadie a aban sɔ asene a ɛkɔ so wɔ Ↄmampanin no Atenaeɛ, Mmarahyɛbadwafoɔ Akakye ne Nwumakuo a ɛyɛ Ↄman no deɛ mu no sensɛn wɔ afe 2023 sikasɛm no mu;",,"Ɛsɛ sɛ wɔhwɛ yie sɛ mfeɛ 2023 sikasɛm nhyehyɛeɛ no bɛtrɛ adwuma foforɔ ho nteteeɛ ne adwumayɛ mu nteteeɛ a aban no tua ho ka no mu wɔ Mampanyin Ahemfie, Mmarahyɛ Bagua ne Aban nnwumakuo mu.",run1,38.743991639977104,12.5848347939092,5.98404255319149
"Lungs: pepper, apple, tomatoes, cabbage, yoghurt, coffee, cocoa.","Ahrawa - mako, aprɛ, ntoosi, kabegyi kɔkɔɔ, yogɔto, kɔfe, kookoo.",,"Ahrawa: mako, apple, ntoosi, kabege, yoghurt, kɔfe, kɔkoo.",run1,51.447805537074984,12.5848347939092,5.98404255319149
Artificial tears have killed three people.,Artificial tears (aduro a yɛde sɔ yɛn ani so) a akum nnipa baasa.,,Atoro nusu akum nnipa baasa.,run1,31.05026242357815,12.5848347939092,5.98404255319149
His price or his heart is burning.,Ne bo anaa n’akoma ho hyehye no.,,Ne boɔ anaa n'akoma ɛrehye,run1,34.80783569509017,12.5848347939092,5.98404255319149
We know that one of the most popular meats is beef,"Yɛnim sɛ, ɛnam baako a nnipa ani gye ho yie pa ara ne nantwinam.",,Yɛnim sɛ nam a nnipa pɛ paa no mu baako ne nantwinam,run1,47.66272691759541,12.5848347939092,5.98404255319149
"In the present day Ghana, history shows that the Bono community and the Akan community are the communities that settled in the country first.","Sɛ yɛba nnɛ Ghana a, abakɔsɛm kyerɛ sɛ Bonoman ne Akanfoɔ a wɔtumi bɔ wuraa ɔman yi mu kane.",,"Nnɛ Ghana yi mu, abakɔsɛm kyerɛ sɛ Bono manfoɔ ne Akan manfoɔ na wɔdii kan bɛtenaa ɔman no mu.",run1,55.64891055169356,12.5848347939092,5.98404255319149
The brain is protected in the skull where it is located.,"Adwene no hyɛ ti kɔnkora no mu, na ɛnya bammɔ wɔ hɔ.",,Adwene no wɔ ti nkwankoraa no mu na wɔabɔ ho ban.,run1,35.28213935816386,12.5848347939092,5.98404255319149
"Wherefore, what the whites did was, if they wanted a place to stand, they would throw the cloth for our ancestors","Ɛno nti, deɛ na aborɔfo no yɛ ne sɛ, wɔpɛ baabi gyina a, na wɔato ntoma no ama yɛn nananom.",,"Enti, deɛ aborɔfo no yɛeɛ ne sɛ, sɛ na wɔpɛ baabi atena a, na wɔde ntoma no to ma yɛn nananom",run1,62.926082959475195,12.5848347939092,5.98404255319149
"if it happens like that, the big trouble that happens to the next children is that the mothers blood hormones can let the child own spoil early, this makes the child face a shortage of blood or sometimes makes the child die.","Sɛ ɛkɔba no saa a, ɔhaw kɛseɛ a ɛde ba saa mmɔfra a wɔdidi soɔ no so ne sɛ, maame no mogya nkwammoa no tumi ma abɔfra no deɛ no sɛe ntɛntɛm so, wei ma abɔfra no mogya nso we ntɛntɛm anaasɛ ɛtumi ma abɔfra no wu mpo.",,"Sɛ ɛsi saa a, haw kɛseɛ a ɛba mmofra a wɔdi akyire no so ne sɛ, ɛna no mogya mu nneɛma bi tumi sɛe abofra no mogya ntɛm, na wei ma mogya soa abofra no anaa ɛtɔ da a ɛma no wu.",run1,39.346523138114684,12.5848347939092,5.98404255319149
How can we bring laughter into our lives?,Ɔkwan bɛn na yɛbɛtumi afa so ama sereɛ aba yɛn abrabɔ mu?,,Yɛbɛyɛ dɛn de sereɛ aba yɛn abrabɔ mu?,run1,47.43045897213575,12.5848347939092,5.98404255319149
"If you want, you can even just spend fifteen or twenty minutes doing these things.","Wopɛ a, wobɛtumi de simma dunum anaa aduonu pɛ mpo ayɛ saa nneɛma yi.",,"Sɛ wopɛ a, wobetumi mpo de simma dunum anaa aduonu ayɛ nneɛma yi.",run1,66.31566083830202,12.5848347939092,5.98404255319149
What can you do to help Ghana and its future generation?What are you doing next?,Ɛdeɛn na wo nso wobɛtumi ayɛ aboa ɔman Ghana ne nkyirimma?Ɛdeɛn na woreyɛ atoa so?,,Dɛn na wubetumi ayɛ de aboa Ghana ne n'nkyirimma? Dɛn na wode reto so?,run1,44.20418157271045,12.5848347939092,5.98404255319149
"For this reason, exercise, eating well and drinking plenty of water can help to lose weight altogether.","Ne nsaa nti, sɛ obi tenetene n'apɔ mu, ɔdidi yie na ɔnom nsuo pii a, ɛbɛtumi aboa ama ne so ate koraa.",,"Eyi nti, apɔmutenetene, aduane pa didi ne nsuo bebree nom bɛtumi aboa ama wɔate wɔn so koraa.",run1,43.23733135046736,12.5848347939092,5.98404255319149
"Ghanaian business man aged 43 who lives in UK, Enerst Kwaku Kobeah, has made his intentions about contesting for the NDC flagbeareship known.","Ghana Oguadifo bi a wade mfeɛ 43 a ɔte uk, Enerst Kwaku kobeah, ada n'adwene adi sɛ obesi akan wɔ NDC ɔmampanyin no ɔsɔretia no ho",,"Ghanani adwumayɛni barima a wadi mfeɛ aduanan mmiɛnsa a ɔte UK, Enerst Kwaku Kobeah, ada n'adwene adi sɛ ɔbɛpere NDC frankaa kurafoɔ dibea no.",run1,43.98996480696017,12.5848347939092,5.98404255319149
"Music also brings friendliness among people. For this reason, it is said to strengthen friendships.","Nnwomtoɔ de nkabom ba afoforɔ ntam, ɛno nti ɛhwɛ ma ayɔnkofa mu apɔmuden tu mpɔn.",,"Nnwom nso de adamfofa ba nnipa ntam. Ɛno nti, wɔka sɛ ɛhyɛ adamfofa den.",run1,23.727304647651557,12.5848347939092,5.98404255319149
"The reason why some think this way is that, they regard these animals as unclean because, they look like worms or centipedes.","Deɛ nti a ebinom susu saa ne sɛ, wɔbu saa mmoa yi sɛ wɔn ho nte ɛfiri sɛ, wɔte sɛ sonsono anaasɛ kankabi.",,"Nea enti a ebinom dwen saa ne sɛ, wɔbu mmoa yi sɛ wɔn ho nni fɛ efisɛ, wɔte sɛ nsɔsɔaa anaa nkontenten.",run1,52.79220676710511,12.5848347939092,5.98404255319149
"When music and exercise are combined, it helps a person to do more without feeling tired, and it also helps the body to release more dopamine.","Sɛ nnwomtoɔ ne apɔmutenetene ka bɔm a, ɛma nipa no ahoɔden ma no tumi yɛ no yie wɔ berɛ a ɔnte brɛ ntɛm so, na ɛsane nso kanyan n'anigyeɛ.",,"Sɛ yɛka nnwom ne apɔmutenetene bom a, ɛboa onipa ma ɔtumi yɛ pii a ɔmmrɛ, na ɛsan nso boa ma nipadua no yiyi dopamine pii adi.",run1,36.56177237194003,12.5848347939092,5.98404255319149
Asene is known to be a clan whose people are brave and diplomat.,"Asɛneɛ yɛ abusua bi a wɔkyerɛ sɛ ɛmu nnipa ani yɛ den pa ara, na wɔn ano nso ate.",,Wɔnim Asene abusua no sɛ wɔn mufoɔ yɛ akokodurofoɔ ne ntetɛmfoɔ.,run1,19.04566274688399,12.5848347939092,5.98404255319149
"The news that came out was that, Mr Ruto didn't allow any journalist in the country to take record of any thing during the program with the exception of only one called Multichoice.","Nkaebↄ a ɛbɛtↄ dwa kyerɛ sɛ, Owura Ruto amma ho kwan amma nsɛntwerɛfoↄ a wↄwↄ ↄman no mu anni wↄn dwuma wↄ dwumadie yi ase, agye baako pɛ bo a wↄfrɛ no Multichoice nko ara.",,"Amansɛm a ɛbaeɛ ne sɛ, Owura Ruto amma ɔsɛnkafoɔ biara a ɔwɔ ɔman no mu kwan sɛ ɔntwa biribiara ho mfonini wɔ dwumadie no ase, gye sɛ baako pɛ a yɛfrɛ no Multichoice.",run1,44.53067536817781,12.5848347939092,5.98404255319149
"Speaking at a cash forum at Sema in Lagos, Dr.Chukwu Emeka, who heads the NIS, disclosed that these youths meant that they left the country voluntarily in search of employment, some of them too that is, they were deceived by some people.","Kaseɛ ho nhyiamudie bi a ɛkɔɔ so wɔ Sema a ɛwɔ Lagos mu no, Dr.Chukwu Emeka a ɔdi NIS anim no de too dwa sɛ saa mmeranteɛ yi kyerɛ sɛ wɔfiri wɔn pɛ mu na wɔfirii ɔman no mu sɛ wɔrebɛpɛ adwuma, wɔn mu binom nso kyerɛ sɛ nnipa bi na wɔdaadaa wɔn.",,"Berɛ a Dr. Chukwu Emeka, a ɔda NIS ano no, rekasa wɔ sika ho nhyiamu bi ase wɔ Sema wɔ Lagos no, ɔdaa no adi sɛ na mmabunu yi kyerɛ sɛ wɔn ara wɔn pɛ so na wɔfirii ɔman no mu kɔhwehwɛɛ adwuma, na wɔn mu binom nso, kyerɛ sɛ, nnipa bi na ɛdaadaa wɔn.",run1,54.66935695770127,12.5848347939092,5.98404255319149
"On September 4, 2022, Bolingo introduced online news called the Akan Kaseɛbɔ (www.akannews.com) in  two Akan dialects : Asante Twi and Mfantse.","Ɛbↄ da a ɛtↄ so 4 wↄ 2022 mu no, Bolingo de intanɛte so kaseɛ a wↄfrↄ no Akan Kaseɛbↄ bɛbↄↄ ade (www.akannews.com) wↄ Akan kasa nkorabata mmienu mu: Asante Twi ne Mfantse.",,"Wɔ Ɛbɔ bosome da a ɛtɔ so ɛnan, afe 2022 mu no, Bolingo de intanɛt so amanneɛbɔ a wɔfrɛ no Akan Kaseɛbɔ (www.akannews.com) too dwa wɔ Akan kasa ahodoɔ mmienu a ɛne Asante Twi ne Mfantse mu.",run1,58.32938295810423,12.5848347939092,5.98404255319149
Rafiskata added that another major cause of early pregnancy is forced early marriage among girls.,"Rafiskata de kaa ho sɛ, adeɛ baako nso a ɛde mperewanyinsɛn ba pa ara ne mmaayewa a wɔhyɛ wɔn ma wɔware ntɛm.",,Rafiskata de kaa ho sɛ adeɛ foforɔ titire a ɛma mmabaa nyem ntɛm ne sɛ wɔde ahohiahia ma wɔware ntɛm.,run1,42.94387101388836,12.5848347939092,5.98404255319149
"Eat good food; Just as the body needs nutritious foods to function properly, so the mind needs nutritious foods.","Di nnuane pa; Sɛdeɛ nipadua no hia nnuane a ahoɔdennuro wɔ mu ansa na atumi ayɛ adwuma yie no, saa ara na adwene no nso hia nnuane a ahoɔden wɔ mu.",,"Di aduane pa; Sɛdeɛ onipadua hia aduane a ɛma apɔmuden na ɛyɛ adwuma yie no, saa ara na adwene no nso hia aduane a ɛma apɔmuden.",run1,54.9738315493768,12.5848347939092,5.98404255319149
"As a result, when Nkrumah returned from his trip to Africa, he settled in Guinea and was unable to return to Ghana until he died of cancer in Bucharest.","Ɛno nti, Nkrumah firi akwantuom baa Abibirem no, ɔkɔbɔɔ ne ho adwaa wɔ Guinea a wantumi amma Ghana bio kɔpem sɛ kokoram kum no wɔ Bucharest wɔ 1972 mu.",,"Eyi nti, ɛberɛ a Nkrumah san firii n'akwantuo no baeɛ no, ɔkɔtenaa Guinea na wantumi ansan amma Ghana bio kɔsii sɛ kokoram kumm no wɔ Bucharest.",run1,52.11297978616679,12.5848347939092,5.98404255319149
He made known that there is no doubt that we are capable of providing the gold needed to exchange for oil every month and that they are optimistic that this policy can be implemented without challenges.,"Ↄkyerɛɛ sɛ akyinnyegyeɛ biara nni ho sɛ yɛbɛtumi anya sika kɔkɔɔ a ɛbɛtumi asesa ama yɛn saa fangoo no bosome biara, ne saa nti wɔwɔ anidasoɔ kɛseɛ pa ara sɛ wɔbɛtumi de saa mmara yi agu akwan mu a ahokyerɛb iara mma ho.",,"Ɔdaa no adi sɛ akyinnyeɛ biara nni ho sɛ yɛbɛtumi anya sika kɔkɔɔ a ɛsɛ de atɔ ngo bosome biara, na wɔwɔ anidasoɔ sɛ nhyehyɛeɛ yi bɛtumi ayɛ adwuma a ɔhaw biara remma mu.",run1,49.36772307986132,12.5848347939092,5.98404255319149
"Few people are aware of the fact that, what they consume into the body have greater impacts on their health, life and mental state.","Nnipa kakraa bi na wᴐnim sԑ deԑ wᴐdi kᴐ wᴐn mu no nya nsunsuansoᴐ wᴐ wᴐn ahoᴐden gyinabea, wᴐn tebea ne wᴐn adwene so.",,"Nnipa kakraa bi na ɛnim sɛ, nneɛma a wɔde gu wɔn nipadua mu no wɔ nkɛntɛnso kɛseɛ wɔ wɔn apɔmuden, asetena ne adwenem tebea so.",run1,33.44831550590068,12.5848347939092,5.98404255319149
Another thing that makes anamuna unique is that its minerals laekopein and carotene help protect the skin from sunburn and also help the skin to heal faster.,"Adeɛ baako nso a ɛma anamuna yɛ sononko ne sɛ, ɛmu ahoɔdennuro laekopein ne karotein boa bɔ onipa wedeɛ ho ban firi owia ano hyeɛ ho na ɛsane nso boa ma wedeɛ no tumi sa ne ho yareɛ ntɛm so.",,"Adeɛ foforɔ a ɛma anamuna yɛ soronko ne sɛ, nnuru a ɛwom te sɛ laekopein ne carotene no boa bɔ honam no ho ban fi owia hyehyeɛ ho, na ɛsan nso boa ma ɛsa ntɛmntɛm.",run1,45.65966804690531,12.5848347939092,5.98404255319149
During the second half of the match the Asante Kotoko team did all that they could to score but it was fruitless.,"Ↄfa a ɛtↄ so mmienu no mu no Asante Kotoko yɛɛ bi ara sɛ anka wↄbɛte ɛka no, nanso ankↄsi aga.",,"Agoroɔ no fa a ɛtɔ so mmienu no mu no, Asante Kotoko kuo no bɔɔ mmɔden biara sɛ wɔbɛhyɛ goal nanso ankɔsi hwee.",run1,49.50916440610414,12.5848347939092,5.98404255319149
"Pay close attention to your thoughts, feelings, and surroundings.","Ma w'ani nkɔ wo nsusuiɛ, w'atenka, ne nneɛma a atwa wo ho ahyia no so yie pa ara.",,"Hwɛ w'adwene, wo nkateɛ, ne nea ɛatwa wo ho ahyia no yie.",run1,36.614528422024776,12.5848347939092,5.98404255319149
These are a few kente artwork we can define.,Kakra yi ne kente mu adwini ahodoɔ a yɛbɛtumi ahwɛ na yɛahunu ɛmu biara nkyerɛaseɛ.,,Eyi nom ne kente adwinneɛ kakra a yɛbɛtumi akyerɛkyerɛ mu.,run1,34.94744216604908,12.5848347939092,5.98404255319149
"The brain is a unique part of the body that controls all the activities of the other body parts. It helps in proper functioning of the hearing, sight, smell, taste and touch sensors.","Adwene no yɛ akwaa nwanwasoɔ bi a ɛkura nipadua no dwumadie ahodoɔ nyinaa mu, ɛboa ma yɛte nneɛma ahodoɔ a yɛn ani hunu, yɛn aso te, yɛn hwene hua, deɛ tɛkrɛma no ka hwɛ ne deɛ ɛka yɛn wedeɛ anaa nipadua no ase yie.",,"Amene no yɛ nipadua no fa soronko a ɛhwɛ akwaa a aka no nyinaa adwumayɛ so. Ɛboa ma yɛn ate, ohu, hwe, dɛ, ne nka no yɛ adwuma yie.",run1,28.47516000372882,12.5848347939092,5.98404255319149
"It helps to maintain your relationships with others, and it also helps to promote good emotional health.","Ɛboa ma wo ne afoforɔ nkitahodie kɔ so, ɛsane nso boa ma atenka mu apɔmuden pa.",,"ɛboa ma wo ne afoforo ntam abusuabɔ kɔ so yie, na ɛsan nso ma adwenem apɔwmuden tu mpɔn.",run1,40.95581527169598,12.5848347939092,5.98404255319149
"There is someone who just finishes eating and is blind, and if that person doesn't touch the veins, he doesn't even wash his hands and lies down in the same place where he ate.","Obi wᴐ hᴐ a, ᴐdidi wieeԑ ara na n’ani kum, na sԑ saa nipa no anka ntini mu a, ᴐnhohoro ne nsa mpo na wakyea ne ho ato beaeԑ a ᴐdidiiԑ no ara.",,"Obi wɔ hɔ a wawie adidi pɛ na n'ani afira, na sɛ wanka ntini no a, ɔnhoro ne nsa mpo na ɔda faako a ɔdidiiɛ no ara.",run1,36.895885859446544,12.5848347939092,5.98404255319149
"These bacteria can occur in both men and women, and can cause certain diseases such as cervical cancer, cervical cancer, penile cancer, rectal cancer, laryngeal cancer and oral cancer.","Saa mmoawa yi tumi ba mmaa ne mmarima nyinaa mu, na ԑtumi de nyarewa binom te sԑ ᴐbaa agyapadeԑ ano kokoram, ᴐbaa agyapadeԑ no mu ankasa kokoram, ᴐbarima barima mu kokoram, agyanan kwan mu kokoram, kᴐkᴐbo ho kokoram ne menem kokoram brԑ nnipa.",,"Mmoawa yi tumi ka mmarima ne mmaa nyinaa, na ɛde nyarewa bi te sɛ ɛmmaa awotwaa ano kɔkɔɔ, kɔteɛ mu kɔkɔɔ, nsɔano kɔkɔɔ, menewa mu kɔkɔɔ ne anom kɔkɔɔ ba.",run1,26.86598099366621,12.5848347939092,5.98404255319149
the next district that live in poverty but their level of poverty is not all that extreme is the Akatsi North district.,Mansini foforɔ a wɔdi hia nanso wɔn hia no ano nhyɛ da nyɛ den pa ara ne Akatsi Anaafoɔ mansini no.,,Mansini a ɛdi hɔ a wɔte ohia mu nanso wɔn hia no nkyɛn saa ne Akatsi North mansini no.,run1,47.60172510786198,12.5848347939092,5.98404255319149
All these make a person prone to unexpected illnesses.,Yeinom nyinaa tumi ma nnipa nya nyarewa binom a wɔnhwɛ kwan.,,Nneɛma yei nyinaa tumi de yareɛ a yɛnhwɛ kwan ba onipa so.,run1,39.81290129089783,12.5848347939092,5.98404255319149
"What the public know so well about this company is, how good their journalism is, finances, food and beverages and real estate.","Deɛ nnipa de nim saa adwumakuo yi pa ara ne sɛ, wɔbɔ wɔn ho mmɔden wɔ nsɛntwerɛ, sikasɛm, nnuane ne anonneɛ ne adansie adwuma mu pa ara.",,"Deɛ ɔmanfoɔ nim adwumakuo yi ho yie ne sɛdeɛ wɔn nsɛntwerɛ adwuma, sikasɛm, aduane ne anonneɛ, ne adansie ne asase ho dwadie no yɛ papa fa.",run1,49.22191842113649,12.5848347939092,5.98404255319149
Some of these spices change the surface of the food to make it yellow and so on.,Saa nnuhuam yi bi wɔ hɔ a ɛsesa aduane no ani ma no yɛ kɔkɔɔ ne deɛ ɛkeka ho.,,Nkyene nkyene yi mu bi sesa aduane no ho ma ɛyɛ akokɔsradeɛ ne nea ɛkeka ho.,run1,37.205957493636724,12.5848347939092,5.98404255319149
Others may feel their heart beating faster.,Ebinom nso tumi te nka sɛ wɔn akoma bɔ ntɛntɛm so.,,Ebinom nso bɛtumi ate nka sɛ wɔn akoma rebɔ ntɛmntɛm.,run1,64.43848513285886,12.5848347939092,5.98404255319149
Putting Aidan fruit on the king's umbrella is typical of Ashanti kings.,Asante ahemfo na wɔtaa de prɛkɛsɛ adwinneɛ to bamkyiniɛ so.,,Ɛyɛ Asante ahemfo amanneɛ sɛ wɔde Prɛkɛsɛ si wɔn kyiniɛ so.,run1,48.67616732766374,12.5848347939092,5.98404255319149
Learn for yourself how to believe in yourself and encourage yourself in everything so that there is no discouragement when others do not see what you have done.,Wo ankasa sua ɔkwan a wobɛfa so anya wo mu gyidie na woahyɛ wo ho nkuran wɔ biribiara mu sɛdeɛ ɛbɛyɛ a abammuo biara mma berɛ a afoforɔ anhunu deɛ woayɛ no.,,"Sua wo ara sɛnea wobɛgye wo ho adi na ahyɛ wo ho nkuran wɔ biribiara mu, sɛdeɛ ɛbɛyɛ a sɛ afoforɔ anhu nea woayɛ a, w'abam remmu.",run1,49.57027512268628,12.5848347939092,5.98404255319149
"During the ritual, the residents of the town or village will assemble to form a durbar",Saa berɛ yi a amanneɛ no rekɔ so no nyinaa na ɔman anaa kuro no mu nnipa nyinaa abɔ dwa kɛseɛ.,,"Wɔ amanneɛ no ase no, kurow anaa akuraa no mufoɔ bɛboaboa wɔn ho ano ayɛ durbar",run1,27.089183430305226,12.5848347939092,5.98404255319149
don't forget to share it to your brother and your friends.,Mma wo werɛ mfiri sɛ wobɛkyɛ ama no aso wo nua ne wo yɔnko no so.,,Mma wo werɛ mfi sɛ wobɛkyɛ mu ama wo nua barima ne wo nnamfoɔ.,run1,51.12527900009029,12.5848347939092,5.98404255319149
"Due its health benefits, it protects the brain from some mental infections and also help the brain to receive enough oxygen.","Ԑsiane saa nnepa a ԑwᴐ mu no nti, ԑbᴐ adwene no ho ban firi adwene mu nyarewa ho, na ԑsane boa ma mframa pa nso kᴐ adwene no mu.",,"Ɛnam n'apɔmuden so mfasoɔ nti, ɛbɔ amemene no ho ban fi adwene mu nyarewa bi ho, na ɛsan boa ma amemene no nya mframa pa a ɛdɔɔso.",run1,46.112967268891495,12.5848347939092,5.98404255319149
"With the spirit of nationalism and the desire to help improve Ghana in terms of our culture, Bolingo are doing their best through three channels to let the world know how beautiful our culture is.","Ɔmampɛ honhom ne ɔpɛ a Bolingo wɔ sɛ wɔbɛboa ama Ghana atu mpɔn wɔ yɛn amammerɛ mu nti, wɔnam akwannuasa so reyɛ deɛ wɔbɛtumi biara sɛ wɔbɛma wiase nyinaa ahunu sɛdeɛ yɛn amammerɛ yɛ fɛ.",,"Wɔ ɔman dɔ honhom ne pɛ a wɔwɔ sɛ wɔbɛboa ama Ghana atu mpɔn wɔ yɛn amammerɛ mu no, Bolingo rebɔ wɔn ho mmɔden ɛnam akwan mmiɛnsa so de akyerɛ wiase sɛnea yɛn amammerɛ yɛ fɛ fa.",run1,54.925430173288206,12.5848347939092,5.98404255319149
It helps in the efficiency of the human mind,Ɛboa ma onipa adwene tumi yɛ adwuma yie,,ɛboa onipa adwene no adwumayɛ,run1,53.171882874364975,12.5848347939092,5.98404255319149
"Its stands for money, loyalty, equality and power.","Ɛgyina hɔ ma sika, ɔdehyeɛ, pɛyɛ ne tumi.",,"Ɛgyina hɔ ma sika, nokorɛdie, pɛpɛɛpɛyɛ ne tumi.",run1,66.32902591923329,12.5848347939092,5.98404255319149
"At the same time, they saw ants gather around the urine after they're done.",Berɛ korɔ no ara nso wɔhunuu sɛ na ntateɛ taa bɛfam dwonsɔ no ho berɛ a wɔadwonsɔ awie no.,,"Wɔdwensɔ wieeɛ no, ɛhɔ ara na wɔhunuu ntɛtea sɛ wɔreboaboa wɔn ho wɔ dwensɔ no ho.",run1,31.004519338467055,12.5848347939092,5.98404255319149
Colorectal cancer can also cause this condition.,Kokoram a ɛtɔ nsono kɛseɛ no mu nso tumi kɔfa ɔhaw wei ba.,,Nsɔnyɛmu mu kɔkɔɔ nso tumi de tebea yi ba.,run1,22.428487280550705,12.5848347939092,5.98404255319149
"Towing of the V8/V6 vessels or any vessel of similar tone will be prohibited, except for trips to rural areas.","Wɔbɛbara V8/V6 ahyɛn no anaa ɛhyɛn biara a ɛnne no yɛ pɛ no twie, agye sɛ ɛyɛ akwantuo a wɔde rekɔ nkurase no nko ara.",,"Wɔremma kwan sɛ wɔbɛtwɛn V8/V6 nkaafoɔ anaa kaa biara a ɛte saa, gye sɛ ɛyɛ akwantuo a ɛkɔ nkuraase.",run1,38.55636190769728,12.5848347939092,5.98404255319149
"Again, they have to cover every pit dug infront of their houses in order not to cause any accident like this again.","Bio nso, ɛsɛ sɛ wɔkata amena biara a watu wɔ afie ahodoɔ anim no nyinaa so sɛdeɛ ɛbɛyɛ a ɛnkɔfa atorɛnkyɛm a ɛtete sei biara mma bio.",,"Sane nso, ɛsɛ sɛ wɔ kata amena biara a wɔatutu wɔ wɔn afie anim no so, na amma akwanhyia a ɛte sɛɛ yi ansi bio.",run1,44.45201088553463,12.5848347939092,5.98404255319149
"If we following the sweetness of the fish, we will fetch all the river Frao, we will end here our class here and continue another time","Yɛdi adwene dɛ akyi a, yɛbɛhwe asuo Frao nti, mede wo bɛsi ha na yɛatoa adesua no so berɛ foforɔ.",,"Sɛ yɛdi nam dɛdɛɛdɛ a, yɛkɔtɔ Frao nti, yɛbɛwie yɛn adesua no wɔ ha na yɛatoa so da foforɔ.",run1,41.172099562984975,12.5848347939092,5.98404255319149
"Reading the 2023 budget, the Minister of Finance, Ken Ofori-Atta made known that GHC 44,990.00 which is equivalent to 5.6% of their salary has been apportioned to compensate workers.","Ↄsoafoɔ a Ↄhwɛ sikasɛm soɔ, Ken Ofori-Atta rekenkan 2023 sikasɛm nhyehyɛeɛ no, ɔde too dwa sɛ wɔasusu sɛ anka wɔde GHC 44,990.00 a ɛyɛ wɔn akatua no mu ɔha mu nkyɛmu 5.6 bɛpata adwumayɛfoɔ.",,"Sɛ ɔrekenkan mfeɛ 2023 sikasɛm nhyehyɛeɛ no, Sikasɛm soafoɔ, Ken Ofori-Atta, daa no adi sɛ wɔayi GHC 44,990.00 a ɛyɛ wɔn akatua mu ɔha mu nkyekyɛmu 5.6 asi hɔ de bɛtua adwumayɛfoɔ ka.",run1,65.52775051442241,12.5848347939092,5.98404255319149
"Samuel Atuahene Antwi, a nutrition, nutrition and nutrition specialist at the Tema Metropolitan Health Directive, has warned thousands to be careful about alcohol consumption in the growth.","Samuel Atuahene Antwi a ᴐyε obi a wakwadare wᴐ aduanedie, nnuanennuro ne nnuane a εboa yεn apᴐmuden ho nsεm mu wᴐ Tema Metropolitan Health Directive de kᴐkᴐbᴐ ama apemfoᴐ sε wᴐnhwε wᴐn ho yie wᴐ nsanom ho wᴐ wᴐn nyinεm no mu.",,"Samuel Atuahene Antwi, a ɔyɛ aduane pa ho nimdeɛfo wɔ Tema Kurokɛseɛ Apɔmuden Dwumadibea no, abɔ nnipa mpempem kɔkɔ sɛ wɔnhwɛ yie wɔ nsadɔm ho bere a wɔrenyini no.",run1,26.41580466123818,12.5848347939092,5.98404255319149
"If you cook food without adding pepper, you will not be able to taste the food properly","Wonoa aduane na woamfa mako anto mu a, worentumi nte aduane no dɛ sɛdeɛ ɛsɛ.",,"Sɛ wonoa aduane na woamfa mako angu mu a, worente ne dɛ papaapa.",run1,54.780467735385145,12.5848347939092,5.98404255319149
the research shown that 81.2% of the total population live in extreme poverty.,(81.2%) na ɛbɛdaa adi sɛ wɔdi ohia buruburoo no.,,Nhwehwɛmu no akyerɛ sɛ nnipa dodoɔ no nyinaa mu ɔha mu nkyekyɛmu 81.2 na wɔte ohia a emu yɛ den mu.,run1,19.048254064970678,12.5848347939092,5.98404255319149
All of the various stools created for the sake of Kente are under the jurisdiction of the Gyaasehene.,Nkonnwa ahodoɔ a Asantehene ahodoɔ no bobɔ too hɔ a ɛfa kente ho no nyinaa hyɛ Gyaasehene ase.,,Nkonnwa ahodoɔ a wɔyɛɛ no Kente nti no nyinaa hyɛ Gyaasehene no ase.,run1,49.75314007698428,12.5848347939092,5.98404255319149
Then it causes the person to behave as if that incident is happening to him again.,Afei εma nnipa no da suban bi adi te sε deε saa asεm no resane ato no no.,,Afei ɛma onipa no yɛ ne ho sɛ asɛm no resane ato no bio.,run1,37.48305726556278,12.5848347939092,5.98404255319149
"In the past, our ancestors used knives and axes to cultivate their lands","Kane no, na yɛn nananom de sekan ne nsɔ na ɛpam wɔn nsase yɛ mu nnwuma.",,"Tete no, na yɛn nananom de nkrantɛ ne nkuma dɔ wɔn nsase",run1,47.008530441222625,12.5848347939092,5.98404255319149
"The ability of a person to learn, feel and keep things in mind are all based on the functions of the brain.","Obi adenim, n'atenka, ne nsɛm a ɛka ne tirim nyinaa gyina adwene no dwumadie so.",,"Onipa tumi a ɔwɔ sɛ ɔsua adeɛ, ɔte nka, na ɔde nneɛma sie n'adwenem no nyinaa gyina amene no dwumadie so.",run1,54.981433898520905,12.5848347939092,5.98404255319149
"Interesting game, pay for itself",Ago pa tua ne ho ka.,,"Agoro a ɛyɛ anigye, ɛtua ne ho ka",run1,50.52016741507891,12.5848347939092,5.98404255319149
"If we can take action for ourselves to plant trees, stop burning indiscriminate fires, and these companies find a way to manage the smoke from the industry, and stop slaughtering animals for farmers to also return to the old way of farming, the airborne diseases, the diseases of the lungs and the diseases of the stomach would have been stopped or measured..","Sε yεbεtumi akentene yεn ho adua nnua, agyae anidaho gyahyehyeε, na nnwumakuo yi apε kwan bi afa so ahwε ntutuo a εfiri nnwuma no mu reba no ho dwuma adi, na yεagyae mmoakum basabasa ama akuafoᴐ nso asane akᴐfa ᴐkwan a na wᴐnam so yε kua dada no a, anka mfama mu nyarewa, aherawa mu nyarewa ne yafunu mu nyarewa to antwa koraa a, εbεsusu.",,"Sɛ yɛn ankasa bɛtumi adua nnua, agyae ogya hyehye kwa, na adwumakuw ahodoɔ yi nso anya ɔkwan a wɔfa so adi wusiw a ɛfiri wɔn nnwuma mu ba no so, na yɛagyae mmoa akumakum na ama akuafoɔ nso asan akɔ wɔn tete kuayɛ kwan no so a, anka nyarewa a ɛnam mframa so, ahrawa mu yareɛ ne yafunu mu yareɛ no, anka yɛasi ano kwan anaasɛ ɛso ate.",run1,43.10153255001124,12.5848347939092,5.98404255319149
Opemso Destruction Tutu I was the ruler of Asanteman at that time.,Ɔpemsoɔ Ɔsɛe Tutu I na na ɔdi Asanteman so saa berɛ no.,,"Saa berɛ no, na Opemsoɔ Osei Tutu I yɛ Asanteman hene.",run1,46.185662512945555,12.5848347939092,5.98404255319149
These energy drinks help in reducing the body fat in a healthy manner.,Saa ahoɔdennuro yi boa ma nipadua no mu sradeɛ no so te wɔ ɔkwan a ɛfata so.,,Ahoɔden nsuo yi boa ma ɛtew honam mu sradeɛ so wɔ ɔkwan a apɔmuden wom so.,run1,44.186938583420435,12.5848347939092,5.98404255319149
