text,ref,translated,source_zip_file,chrf_sentence,corpus_bleu,corpus_chrf
"Be careful, thieves carry dangerous weapons along with them.","Kpɔ nyuie, tsɔ aʋawɔnu vɔ̃ɖiwo kpe ɖe fiafitɔwo ŋu.","Kpɔ nyuie, fiafitɔwo tsɔa lãnu vɔ̃ɖiwo ɖe asi.",run1,54.6848206272452,19.96019880774733,5.759321006365566
"Indeed, all these customs and roles signify the importance and relevance of the Queenmother in Akans' culture and society. Yes, in the Akan society, many Queenmothers have reigned alongside Kings.","Nyateƒee, kɔnu kple akpa siawo katã ɖe Fianyɔnu Dada ƒe vevienyenye kple vevienyenye fia le Akantɔwo ƒe dekɔnuwo kple hadomegbenɔnɔ me. Ẽ, le Akantɔwo ƒe hadomegbenɔnɔ me la, Fianyɔnu vidada geɖewo ɖu fia kpe ɖe Fiawo ŋu.","Le nyateƒe me, kɔnu kple akpa siawo katã ɖe vevienyenye kple asixɔxɔ si le Nyɔnufia ŋu le Akanwo ƒe dekɔnu kple hadome me la fia. Ɛ̃, le Akanwo ƒe hadome la, Nyɔnufia geɖewo ɖu fia kpe ɖe Fiawo ŋu.",run1,57.86704674004587,19.96019880774733,5.759321006365566
"Eyes- maize, carrots, eggs, beans, pepper, salmon, sweet potato.","Ŋku- bli, karɔt, koklozi, ayi, atadi, salmon, nagoti.","Ŋkuwo- bli, karot, aziwo, ayi, atadi, salmon, dzete.",run1,55.23388345096042,19.96019880774733,5.759321006365566
"Some are still in use, but the majority are no longer in use.","Wogale wo dometɔ aɖewo zãm, gake womegale wo dometɔ akpa gãtɔ zãm o.","Wogale aɖewo zãm, gake womegazãa akpa gãtɔ o.",run1,52.732480786612236,19.96019880774733,5.759321006365566
"Investigations even showed that, some people were severely injured, when they were straggling to get inside.","Numekukuwo ɖee fia gɔ̃ hã be, ame aɖewo xɔ abi vevie, esime wonɔ agbagba dzem be yewoage ɖe eme.","Numekukuwo ɖee fia gɔ̃ hã be, ame aɖewo xɔ abi vevie, esi wole ʋiʋlim be yewoage aɖe eme.",run1,74.5392751379651,19.96019880774733,5.759321006365566
"He said that is, this process is the direction of the chief ministers and the presidential advisory board which is expected to start in February","Egblɔ be, ɖoɖo sia nye dziɖuɖumegãwo kple dukplɔla ƒe aɖaŋuɖoha ƒe mɔfiame si wole mɔ kpɔm be adze egɔme le February me","Egblɔ be eyae nye be, ɖoɖo sia nye mɔfiame tso minisagãwo kple dukplɔla ƒe aɖaŋuɖoha gbɔ, si wole mɔ kpɔm be wòadze egɔme le Dzodze me.",run1,68.06122603861648,19.96019880774733,5.759321006365566
School labs need to be fully equipped to handle Chemistry lessons.,Ehiã be sukudodokpɔkpɔwo nanɔ dzadzraɖoɖi bliboe be woate ŋu asrɔ̃ nu tso sukudɔwɔƒewo ŋu.,Ehiã be dɔwɔnuwo katã nade suku ƒe dodokpɔƒewo me be woate ŋu awɔ Kɛmistri ƒe nusɔsrɔ̃wo.,run1,38.292319594044706,19.96019880774733,5.759321006365566
Members of parliament represent different regions of the country.,Dziɖuɖumegãwo ƒe hamemetsiwo nye dukɔa ƒe nuto vovovowo.,Sewɔtakpekpe me tɔwo nɔa dukɔa ƒe nuto vovovowo teƒe.,run1,44.42623256342862,19.96019880774733,5.759321006365566
The dangers of this disease will be assessed and remedies will be provided.,Woadzro dɔléle sia ƒe afɔkuwo me eye woakpɔ egbɔe.,Woadzro dɔléle sia ƒe afɔkuwo me eye woana atikewo.,run1,77.96802263892913,19.96019880774733,5.759321006365566
This year's festive season may not be as exciting as usual since public gatherings have been banned,Ðewohĩ ƒe sia ƒe azãɖuɣi madzɔ dzi na ame abe alesi wònɔna ɖaa ene o elabena wode se ɖe dutoƒo kpekpewo nu,"Ƒe sia ƒe azãɖuɣi mate ŋu avivi abe alesi wònɔna ɖaa ene o, le esi woxe mɔ ɖe dutoƒokpekpewo nu ta.",run1,60.07646962772733,19.96019880774733,5.759321006365566
One can be disabled and still live a normal life like others.,Wo dometɔ ɖeka ate ŋu awɔ nu vevii eye wòakpɔtɔ anye ame bubuwo tɔ.,Ame ate ŋu anye wɔnamanɔŋutɔ gake wòaganɔ agbe nyui abe ame bubuwo ene.,run1,34.569883378824436,19.96019880774733,5.759321006365566
We have examined the reign of 16 chiefs who ruled over the Asante Kingdom from its inception.,Míedzro fia 16 siwo ɖu Asante Fiaɖuƒea dzi tso eƒe gɔmedzedze la ƒe dziɖuɣi me.,Míedzro fia 16 siwo ɖu Asante Fiaɖuƒea dzi tso eƒe gɔmedzedze la ƒe fiaɖuɣi me.,run1,91.3750677437219,19.96019880774733,5.759321006365566
This is because in the process of puberty rites they do anoka.,"Esia le alea elabena le sɔhɛmenɔɣi ƒe kɔnuwɔwɔwo me la, wowɔa ɖᴐɖᴐe kpᴐkpᴐ.","Esia tae nye be le nugbɔdodo kɔnuwo wɔwɔ me la, wowɔa anoka.",run1,28.926762063871447,19.96019880774733,5.759321006365566
"When someone is seen in this position, what it communicates is that the person is saddened.","Ne wokpɔ ame aɖe le nɔnɔme sia me la, nusi wòɖonae nye be amea léa blanui.","Ne wokpɔ ame aɖe le nɔnɔme sia me la, nu si wòɖena fiana ye nye be amea lé blanui.",run1,83.53253062082715,19.96019880774733,5.759321006365566
"Out of love for children and concern for their future, the price is so low that everyone can attend.","Le lɔlɔ̃ na ɖeviwo kple dzitsitsi ɖe woƒe etsɔme ŋu ta la, ga si woxena ɖe eta la bɔbɔ ale gbegbe be amesiame ate ŋu ade.","Le lɔlɔ̃ na ɖeviwo kple beléle na woƒe etsɔme ta la, asi la bɔbɔ ŋutɔ ale be amesiame nate ŋu ava.",run1,52.897960512502806,19.96019880774733,5.759321006365566
"Godwin Edudzi Tamakloe, the Senator's counsel, pleaded for the dismissal of the charges and apologized that it was not the Senator's intention to contempt the court's procedure.","Godwin Edudzi Tamakloe, si nye Sewɔtakpekpe me tɔ la ƒe senyala, ɖe kuku be woaɖe asi le nya siwo wotsɔ ɖe eŋu la ŋu eye wòɖe kuku be menye Sewɔtakpekpe me tɔ la ƒe tameɖoɖoe nye be yeado vlo ʋɔnudrɔ̃ƒea ƒe ɖoɖoa o.","Godwin Edudzi Tamakloe, si nye Senatɔ la ƒe senyala, ɖe kuku be woaɖe fɔbuameawo ɖa eye wòbia tsɔtsɔke be menye Senatɔ la ƒe tameɖoɖoe wònye be wòado vlo ʋɔnudrɔ̃ƒea ƒe ɖoɖowo o.",run1,61.48060173015516,19.96019880774733,5.759321006365566
"I believe that if we all support the Ministry of Food and Agriculture in Ghana and work diligently, we can ensure the availability of healthy food and quality meat, promoting a healthier citizens.","Mexɔe se be ne mí katã míedo alɔ Nuɖuɖu kple Agbledede Dɔwɔƒe si le Ghana eye míewɔ dɔ veviedodotɔe la, míate ŋu akpɔ egbɔ be nuɖuɖu siwo naa lãmesẽ kple lã nyuiwo li, si ado dukɔmevi siwo le lãmesẽ me ɖe ŋgɔ.","Mexɔe se be ne mí katã míedo alɔ Ghana ƒe Nuɖuɖu kple Agbledede Dɔwɔƒe la eye míewɔ dɔ vevie la, míate ŋu akpɔ egbɔ be lãmesẽnuɖuɖu kple lã nyuiwo nasu mía si, si ado lãmesẽ ɖe edzi na dukɔmeviwo.",run1,70.19699712266136,19.96019880774733,5.759321006365566
"Since ancient times, agriculture has been one of the main occupations of the Akan people.","Tso blema ke la, agbledede nye Akantɔwo ƒe dɔ veviwo dometɔ ɖeka.","Tso blema ke la, agbledede nye Akantɔwo ƒe dɔwɔna vevitɔwo dometɔ ɖeka.",run1,88.3446823364842,19.96019880774733,5.759321006365566
She talked about her sibling on starting the conversation with the journalist.,Eɖo dze tso nɔvia ŋu esime wòva dze dze dze ɖoɖoa kple nyadzɔdzɔgbalẽŋlɔlaa.,Eƒo nu tso nɔvia ŋu esi wòdze dzeɖoɖoa gɔme kple nyadzɔdzɔŋlɔla la.,run1,56.89709938647142,19.96019880774733,5.759321006365566
Learning is the best part of life a child will miss in future.,Nusɔsrɔ̃ nye akpa nyuitɔ si le viwòa si le etsɔme.,Nusɔsrɔ̃e nye agbeme ƒe akpa nyuitɔ si ɖevi asusu le etsɔme.,run1,61.75586198793752,19.96019880774733,5.759321006365566
A healthy person is supposed to let out solid waste three or more times a week.,Ele be ame si le lãmesẽ me nade afɔdzi zi etɔ̃ alo zi geɖe wu le kwasiɖa ɖeka me.,Ele be ame si le lãmesẽ me nade afɔdzi zi etɔ̃ alo wu nenema le kwasiɖa ɖeka me.,run1,83.87800262229366,19.96019880774733,5.759321006365566
Portuguese Catholic missionaries arrived on the coast in the fifteenth century.,Katolikotɔwo ƒe dutanyanyuigblɔlawo va ɖo ƒuta le ƒe alafa wuiatɔ̃lia me.,Portugaltɔ Katoliko misionariwo va ɖo ƒuta le ƒe alafa wuiatɔ̃lia me.,run1,61.730460042883564,19.96019880774733,5.759321006365566
"Mr. Edward Oduro Nsia, head of the National Disaster Management Organisation(NADMO)"" in the Southern Province, announced on Citi tv that Mr. Anane left school on Tuesday and went to his land where he makes this 'galamsey' at night to watch his workmen at their work.","Aƒetɔ Edward Oduro Nsia, si nye National Disaster Management Organisation (NADMO) ƒe tatɔ le Anyiehe Nutoa me, ɖe gbeƒãe le Citi tv dzi be Mr. Anane dzo le suku le Braɖa dzi yi eƒe agble dzi afisi wòwɔa 'galamsey' le zã me be yeakpɔ eƒe dɔwɔlawo le dɔ wɔm.","Aƒetɔ Edward Oduro Nsia, si nye Dukɔa ƒe Dzɔdzɔmefɔkuwo Gbɔkpɔha (NADMO) ƒe tatɔ le Anyiehe Nutome la, gblɔ le Citi tv dzi be Aƒetɔ Anane dzo le suku le Braɖagbe eye wòyi eƒe anyigba dzi afi si wòwɔa 'galamsey' sia le zã me le, be yeakpɔ yeƒe dɔwɔlawo dzi le woƒe dɔwɔwɔ me.",run1,62.61994323330129,19.96019880774733,5.759321006365566
"The Speaker further clarified that once the Adhoc committee completes its investigation, the findings will be presented to the entire house for a collective decision to be made on the matter.","Dukplɔla la gaɖe eme be ne Kpo kɔmitia wu eƒe numekukua nu ko la, woatsɔ nusiwo ŋu woke ɖo la aɖo aƒe bliboa ŋkume be woawɔ nyametsotso ɖekae le nya sia ŋu.","Nuƒola la gaɖe eme kɔ be ne kɔmiti tɔxɛ la wu eƒe numekuku la nu ko la, woatsɔ numekuku la me tsonuwo aɖo aƒe blibo la ŋkume be wo katã woawɔ nyametsotso le nya la ŋu.",run1,62.046608953547576,19.96019880774733,5.759321006365566
The catholic church is celebrating one hundred years in the region.,Katoliko-ha la le ƒe alafa ɖeka ɖum le nutoa me.,Katoliko sɔlemeha la le ƒe alafa ɖeka ƒe azã ɖum le nutoa me.,run1,78.78629106241357,19.96019880774733,5.759321006365566
Money given to people by politicians should instead be used to improve community services.,Ke boŋ ele be woazã ga si dziɖuɖua nana amewo tsɔ wɔa nutoa me subɔsubɔdɔwo ɖe edzi.,"Ga si dunyahelawo naa amewo la, ele be woatsɔe boŋ ado ŋgɔ nutoa me dɔwɔnawo.",run1,34.05953034164236,19.96019880774733,5.759321006365566
"Whiles they are hitting and pulling him or her, such person will also be searching to get hold of them","Esi wole eƒom hele ehem la, ame ma tɔgbe hã anɔ didim be yealé wo","Esi wole eƒom eye wole ehem la, ame ma hã anɔ didim be yealé wo.",run1,75.94433218037135,19.96019880774733,5.759321006365566
"The news stated that, the students were in their bus going to excursion at Afadjato in the Volta region.","Nyadzɔdzɔa gblɔ be, sukuviawo nɔ woƒe bɔs me yina tsaɖiɖi le Afadjato le Volta nutoa me.","Nyadzɔdzɔa gblɔ be, sukuviwo nɔ woƒe bɔs me yina tsa di ge le Afadjato le Volta nutoa me.",run1,86.16229333596388,19.96019880774733,5.759321006365566
She spoke with one of our journalist about her new project.,Eƒo nu tso eƒe dɔ yeyea ŋu na míaƒe nyadzɔdzɔgbalẽŋlɔla aɖe dometɔ ɖeka.,Eƒo nu kple míaƒe nyadzɔdzɔŋlɔlawo dometɔ ɖeka tso eƒe dɔwɔna yeye ŋu.,run1,56.437512103676355,19.96019880774733,5.759321006365566
He has always been lazy and avoids doing any work around the house.,Enyɔa ame ɣesiaɣi eye wògawɔa dɔ ɖekaɖeka le aƒea me o.,Ewɔa kuvia ɣesiaɣi eye wòƒoa asa na dɔ aɖeke wɔwɔ le aƒea me.,run1,46.92189778224681,19.96019880774733,5.759321006365566
"This kente represent family unity, the importance of family unity is the kentecloth.","Kete sia tsi tre ɖi na ƒome ɖekawɔwɔ, ƒome ɖekawɔwɔ ƒe vevienyenyee nye ketevɔ.","Kente sia tsi tre ɖi na ƒome ƒe ɖekawɔwɔ, ƒome ƒe ɖekawɔwɔ ƒe vevienyenye ye nye kente avɔ la.",run1,79.61527962945692,19.96019880774733,5.759321006365566
The veterans said that they had been neglected for so long.,Aʋakalẽtɔawo gblɔ be wogblẽ yewo ɖi ɣeyiɣi didi aɖe.,Aʋawɔla xoxoawo gblɔ be woŋe aɖaba ƒu yewo dzi eteƒe didi ŋutɔ.,run1,34.067058286501336,19.96019880774733,5.759321006365566
We need to teach our youth to be more ambitious. Ambition is not the sin many would like you think it is. Ambition is necessary for succes. We thus need to be extremely ambitious.,Ehiã be míafia míaƒe sɔhɛwo be woadi nu geɖe wu. Menye nuvɔ̃ si sɔhɛ geɖe abe wò ene susu be enye o. Didi vevie le vevie be ame nakpɔ dzidzedze. Eyata ele be míadi vevie be míawɔ geɖe.,Ele be míafia míaƒe sɔhɛwo be woadi ŋgɔyiyi vevie wu. Ŋgɔyiyi didi vevie menye nuvɔ̃ abe alesi ame geɖewo di be nàsusui ene o. Ŋgɔyiyi didi vevie hiã na dzidzedzekpɔkpɔ. Eya ta ele be míadi ŋgɔyiyi vevie ŋutɔ.,run1,53.190240464008866,19.96019880774733,5.759321006365566
"The patient doctor took the time to explain the complex medical procedure to the worried patient. Moreso, he spoke in the local dialect, and was able to accurately translate the sometimes very difficult medical terms.","Ðɔkta dɔnɔa di ɣeyiɣi ɖe atikewɔwɔmɔnu sesẽa me na dɔnɔ si tsi dzimaɖi. Edoa nutoa me gbetagbe, eye wòte ŋu ɖe atikewɔwɔ me nya siwo sesẽna ŋutɔ ɣeaɖewoɣi la gɔme pɛpɛpɛ.","Dɔyɔla dzigbɔɖitɔ la tsɔ eƒe ɣeyiɣi ɖe dɔyɔmɔnu sesẽ la me na dɔnɔ si tsi dzimaɖi la. Gakpe ɖe eŋu la, eƒo nu le nutoa me gbe me, eye wòte ŋu ɖe dɔyɔyanya siwo sesẽna ŋutɔ ɣeaɖewoɣi la gɔme pɛpɛpɛ.",run1,64.34586355322867,19.96019880774733,5.759321006365566
"When a person wants to farm on a section of the family land where no one has been, they set up sticks there.","Ne ame aɖe di be yeade agble le ƒomea ƒe anyigba ƒe akpa aɖe si ame aɖeke meyi kpɔ o la, woɖoa atiwo ɖe afima.","Ne ame aɖe di be yeade agble le ƒomea ƒe anyigba ƒe akpa aɖe si ame aɖeke mede kpɔ o la, eƒoa atiwo ɖe afi ma.",run1,88.14621776794858,19.96019880774733,5.759321006365566
"Kente comes in variety, every design has a particular idea behind it.","Kente ƒomevi vovovowoe li, eye susu aɖe koŋ le atsyã ɖesiaɖe ŋu.","Kente ƒomevi vovovowo li, susu tɔxɛ aɖe le atsyã ɖesiaɖe megbe.",run1,63.572568335510304,19.96019880774733,5.759321006365566
"It does not hurt to be helpful to others. Whenever it is necessary, and you can afford to do so, do not hesitate to lend a helping hand to those around you. It might just be the boost someone needed to get back on track.","Ne ehiã, eye àte ŋu awɔe hã la, mègatsi dzi ɖe nàkpe ɖe ame siwo ƒo xlã wò la ŋu o, eye ɖewohĩ esia ate ŋu akpe ɖe ŋuwò be ame aɖe natrɔ ayi nu me o.","Kpekpe ɖe ame bubuwo ŋu megblẽa naneke o. Ɣesiaɣi si wòhiã, eye ŋutete le asiwò be nàwɔe la, mègahe ɖe megbe le alɔdodo ame siwo ƒo xlã wò la ŋu o. Ate ŋu anye kpekpeɖeŋu si tututu ame aɖe hiã be wòagadze mɔ nyuitɔ dzi.",run1,45.66394650252485,19.96019880774733,5.759321006365566
The guards did not shoot at the crowd as were advised to save lives.,Dzɔlawo meda tu ameha la abe alesi woɖo aɖaŋu na wo be woaɖe amewo ƒe agbe ene o.,"Dzɔlawo meda tu ɖe ameha la dzi o, abe ale si woɖo aɖaŋu na wo be woakpɔ agbewo ta ene.",run1,70.24601196063787,19.96019880774733,5.759321006365566
"Don't wait for a blood pressure diagnosis, but make sure you have regular check-ups so that if there are any problems, you can be helped quickly.","Mègalala ʋusɔgbɔdɔléle naɖi o, ke boŋ kpɔ egbɔ be wowɔa dodokpɔwo na wò edziedzi ale be ne kuxi aɖe do mo ɖa la, woate ŋu akpe ɖe ŋuwò kaba.","Mègalala be woakpɔ ʋusɔgbɔdɔ le ŋuwò hafi o, ke boŋ kpɔ egbɔ be nèwɔa lãmesẽdodokpɔwo edziedzi, ale be ne kuxi aɖe li la, woate ŋu akpe ɖe ŋuwò kaba.",run1,69.5720317725682,19.96019880774733,5.759321006365566
"The saddest thing is that, the fear and respect youth shows to elders today are not the same as those days.s.","Nusi wɔ nublanui wue nye be, vɔvɔ̃ kple bubu si sɔhɛwo ɖena fiana hamemegãwo egbea la mesɔ kple ŋkeke mawo o.","Nya nublanuitɔ wue nye be, vɔvɔ̃ kple bubu si sɔhɛwo ɖena fiana ame tsitsiwo egbea mele abe ŋkeke mawo me tɔ ene o.",run1,67.14000977262651,19.96019880774733,5.759321006365566
"Remember, it will be released on October 26, 2022 at the National Theater in Accra.","Ðo ŋku edzi be woaɖee ɖe go le Kele 26, 2022 dzi le Dukɔa ƒe Fefewɔƒe le Accra.","Ɖo ŋku edzi be woaɖee ɖe go le October 26, 2022 dzi le National Theater le Accra.",run1,58.53937956416526,19.96019880774733,5.759321006365566
"The fire, which started in the room of the night duty officer, gutted the police station for the first time.",Dzo si dze egɔme le kpovitɔ si nɔ dɔ wɔm le zã me ƒe xɔ me la fi kpovitɔwo ƒe dɔwɔƒea zi gbãtɔ.,"Dzo la, si do le zãdɔdzikpɔla la ƒe xɔ me la, fiã kpovitɔwo ƒe dɔwɔƒe la keŋkeŋ zi gbãtɔ.",run1,46.40828570769243,19.96019880774733,5.759321006365566
Children are being able to access quality education especially girls.,Ðeviwo tea ŋu srɔ̃a nu tso nɔnɔme nyuiwo ŋu vevietɔ nyɔnuviwo,"Ðeviwo le mɔ kpɔm be woaxɔ sukudede nyui, vevietɔ nyɔnuviwo.",run1,44.144799486245304,19.96019880774733,5.759321006365566
We are still on the different blood test in which every boy or girl should perform before planning to get married.,Míegakpɔtɔ le ʋudodokpɔ vovovo si me wòle be ŋutsuvi alo nyɔnuvi ɖesiaɖe nawɔ hafi awɔ ɖoɖo be yeaɖe srɔ̃ la dzi.,Míegale ʋu dodokpɔ vovovo siwo wòle be ŋutsuvi alo nyɔnuvi ɖesiaɖe nawɔ hafi aɖo tame be yeaɖe srɔ̃ la dzi.,run1,79.7294796387463,19.96019880774733,5.759321006365566
"Due to this people from all parts of Ghana, and over seas even came to measure money at his residence.","Le esia ta la, amewo tso Ghana ƒe akpa sia akpa, kple atsiaƒuwo dzi gɔ̃ hã va dzidze ga le eƒe nɔƒe.","Le esia ta la, amewo tso Ghana ƒe akpawo katã kple duta gɔ̃ hã va dzidze ga le eƒe aƒeme.",run1,66.25855114119085,19.96019880774733,5.759321006365566
The main objective of this exercise is to conduct research into the impact of the twenty years implementation of the Universal Primary Education Programme.,Taɖodzinu vevitɔ si le dɔ sia ŋue nye be woawɔ numekuku tso ŋusẽ si ƒe blaeve siwo wotsɔ wɔ Xexeame Katã ƒe Gɔmedzesukudede ƒe Ðoɖoa ŋudɔe ŋu.,Dɔ sia ƒe taɖodzinu vevitɔe nye be woawɔ numekuku ku ɖe ŋusẽ si Amesiame ƒe Gɔmedzesuku Hehenaɖoɖo la dɔwɔwɔ le ƒe blaeve me kpɔ ŋu.,run1,51.5719894543299,19.96019880774733,5.759321006365566
The security men were engaged in promoting sanitation and hygiene within the area.,Dedienɔnɔdzikpɔlawo nɔ dzadzɛnyenye dodo ɖe ŋgɔ me le nutoa me.,Dedienɔnɔ dzɔlawo tsɔ wo ɖokuiwo de dzadzɛnyenye kple lãmesẽ dodo ɖe ŋgɔ me le nutoa me.,run1,71.95097950698049,19.96019880774733,5.759321006365566
There will be a teachers' training to enhance teaching of Physical Education in secondary schools.,Woana hehe nufialawo be woatsɔ ado Lãmesẽfefewo fiafia ɖe ŋgɔ le sekɛndrisukuwo me.,Nufialawo ƒe hehe aɖe anɔ anyi be woado ɖe ŋgɔ kamedede ƒe nufiafia le sekɛndrisukuwo me.,run1,53.090358252581616,19.96019880774733,5.759321006365566
Mobile money is the easiest way of transferring money to people in far areas.,Ele bɔbɔe be amewo nazã ga na ame siwo le nuto siwo le didiƒe me la bɔbɔe.,Mobile money ye nye mɔ bɔbɔetɔ si dzi woato aɖo ga na amewo le teƒe didiwo.,run1,33.5003049706047,19.96019880774733,5.759321006365566
"One of these taboos is that, when a woman is pregnant, she is not to see disguised things.","Mɔxexeɖenu siawo dometɔ ɖekae nye be, ne nyɔnu fɔ fu la, mele be wòakpɔ nusiwo woɣla o.","Nutsitsri siawo dometɔ ɖekae nye be, ne nyɔnu fɔ fu la, mele be wòakpɔ nu siwo trɔ nɔnɔme o.",run1,76.14682601277335,19.96019880774733,5.759321006365566
Part of the money collected from taxes contributes to the building of roads.,Ga si woxɔ le adzɔwo me la ƒe akpa aɖee nye mɔwo tutuna.,Ga si woƒo ƒu tso adzɔwo me la ƒe akpa aɖe kpena ɖe mɔwo dodo ŋu.,run1,56.00909461659446,19.96019880774733,5.759321006365566
"When the citizens were gathered at Buckingham palace waiting for the news concerning the Queen's health, some bursted into tears when they heard the death of the Queen.","Esi dumeviawo ƒo ƒu ɖe Buckingham fiasã me nɔ nyadzɔdzɔ si ku ɖe Fianyɔnua ƒe lãmesẽ ŋu lalam la, wo dometɔ aɖewo fa avi esi wose Fianyɔnua ƒe ku.","Esi dukɔmeviwo ƒo ƒu ɖe Buckingham fiaƒã la nu le mɔ kpɔm na nya siwo ku ɖe Fianyɔnu la ƒe lãmesẽ ŋu la, wo dometɔ aɖewo te avifafa esi wose Fianyɔnu la ƒe ku ŋuti nya.",run1,64.32707181354264,19.96019880774733,5.759321006365566
Malaria testing kits are helping people living in rural remote areas in the absence of a doctor,Nugbagbevi suesuesue siwo wowɔ kpɔ la le kpekpem ɖe ame siwo le nuto siwo me kɔƒe didiwo me ne ɖɔkta aɖeke mele o la ŋu,Asrã dodokpɔ dɔwɔnuwo le kpekpem ɖe ame siwo nɔa kɔƒenuto didiwo me ŋu ne atikewɔla aɖeke mele o.,run1,44.19630361575695,19.96019880774733,5.759321006365566
The district has properly planned for the youths and their future.,Nutomea wɔ ɖoɖo nyuie ɖe sɔhɛawo kple woƒe etsɔme ŋu.,Nutome la wɔ ɖoɖo nyuie ɖe sɔhɛwo kple woƒe etsɔme ŋu.,run1,85.17791128327147,19.96019880774733,5.759321006365566
The support team helped her with her basic needs.,Kpekpeɖeŋunaha la kpe ɖe eŋu le eƒe nuhiahiã veviwo me.,Kpekpeɖeŋuha la kpe ɖe eŋu le eƒe nuhiahiã veviwo me.,run1,90.31487241080103,19.96019880774733,5.759321006365566
The headteacher was sacked over alleged involvement in the last week strike.,Woɖe nufialagã la le dɔme le esi wogblɔ be ekpɔ gome le dɔmedzoedoname si wowɔ le kwasiɖa si va yi me ta.,Woɖe sukutatɔ la le dɔ me ɖe nya si wotsɔ ɖe eŋu be ekpɔ gome le kwasiɖa si va yi ƒe dɔdzudzɔ la me ta.,run1,46.62550633450042,19.96019880774733,5.759321006365566
The pope is the chief pastor of the worldwide catholic church.,Popue nye nunɔla ga ne katoliko hame la le xexe blibo la katã me.,Papa lae nye xexeame katã ƒe Katoliko hame la ƒe pastɔ gã.,run1,39.20061122810137,19.96019880774733,5.759321006365566
Some poor people consume all their money with holding back any little for savings.,Ame dahe aɖewo ɖua woƒe gawo katã eye wometea ŋu ɖua ga o.,Ame dahe aɖewo zãa woƒe ga katã evɔ womekɔa vi aɖeke ɖi hena nudzraɖo o.,run1,43.23904720743277,19.96019880774733,5.759321006365566
The Mayor made sure all the roads in our town are properly constructed.,Dumegã la kpɔ egbɔ be wotu mɔ siwo katã le míaƒe dua me la nyuie.,Dumegã la kpɔ egbɔ be wowɔ mɔ siwo katã le míaƒe dua me la nyuie.,run1,90.58585844143391,19.96019880774733,5.759321006365566
The district will enforce environmental laws with an aim of conserving the environment.,Nutomea awɔ nu sia nu si wòate ŋui atsɔ akpɔ nutoa me ƒe dedienɔnɔ ta.,Nutome la akpɔ egbɔ be wowɔ ɖe dzɔdzɔme ŋuti sewo dzi kple taɖodzinu be woakpɔ dzɔdzɔme la ta.,run1,21.61018322759952,19.96019880774733,5.759321006365566
We were educated about self-defense as people are always educated on how to protect children's rights in the community.,Wofia nu mí tso ɖokui taʋiʋli ŋu elabena wofiaa nu amewo ɣesiaɣi tso alesi woakpɔ ɖeviwo ƒe gomenɔamesiwo ta le nutoa me ŋu.,Míexɔ hehe le ame ɖokui ta kpɔkpɔ ŋu abe ale si amewo xɔa hehe ɣesiaɣi le ale si woakpɔ ɖeviwo ƒe gomekpɔkpɔwo ta le nutoa me ŋu ene.,run1,50.10488417390354,19.96019880774733,5.759321006365566
Roads should be constructed in areas which are not linked with people's land.,Ele be woatu mɔwo ɖe nuto siwo me womate ŋu ado ƒome kple amewo ƒe anyigba o la me o.,Ele be woatu mɔwo ɖe teƒe siwo medo ka kple amewo ƒe anyigba o.,run1,58.29204091276059,19.96019880774733,5.759321006365566
"She constantly strives for excellence in her work, and never settles for mediocrity.","Edzea agbagba ɣesiaɣi be yeawɔ nu nyui na yeƒe dɔwo, eye gbeɖegbeɖea koe.","Edzea agbagba ɣesiaɣi be yeawɔ yeƒe dɔ wòanyo ŋutɔ, eye melɔ̃na ɖe dɔ tsɛ dzi gbeɖe o.",run1,57.33698458122319,19.96019880774733,5.759321006365566
"In severe cases, it can cause jaundice, seizures, coma, or death.","Ne ame aɖe sesẽ la, ate ŋu ahe ƒuƒlui, ame ƒe hoho, eƒe ɖiƒoƒo, eƒe ɖuɖu alo eƒe ku vɛ.","Le nɔnɔme sesẽwo me la, ate ŋu ahe aŋutidɔ, dzidzi, ŋkuagbãdɔ, alo ku vɛ.",run1,27.491959306165153,19.96019880774733,5.759321006365566
"Archaeological remains found in the coastal zone indicate that the area has been inhabited since the Bronze Age (ca. 2000 BC), but these societies, based on fishing in the extensive lagoons and rivers, have left few traces.","Nu gbagbeŋutinunyala siwo kpɔtɔ le ƒutanutoa me ɖee fia be tso Bronze Ƒe (ca.20000 BC) me la, nutoa me tɔwo nɔa nutoa me, gake habɔbɔ siawo nɔa tɔmelã siwo le tɔmelãwo me kple tɔsisiwo me la me.","Blemanunuku me nususɔ siwo wofɔ le ƒuta nutoa me ɖee fia be amewo nɔ nutoa me tso Akɔbli Ɣeyiɣia me (abe ƒe 2000 D.Ŋ.K. ene), gake ameha siawo, siwo ƒe agbenɔnɔ nɔ te ɖe tɔƒodede le ta kple tɔsisi gãwo me dzi la, dzesi ʋɛ aɖewo ko wogblẽ ɖi.",run1,41.085167292522144,19.96019880774733,5.759321006365566
"True to his promise to reduce the number of Ministerial appointees and run a lean government, the number of Ministers was significantly reduced from 87 of the previous Kufuor NPP government to 73 (a reduction of 16%) in the Mills-led government.","Abe alesi wòdo ŋugbe be yeaɖe amesiwo wotia be woanye dziɖuɖumegãwo ƒe xexlẽme dzi akpɔtɔ eye yeana dziɖuɖua nanɔ te sesĩe ene la, woɖe dziɖuɖumegãwo ƒe xexlẽme dzi kpɔtɔ tso 87 le Kufuor NPP dziɖuɖua si va yi me va ɖo 73 (si nye 16%) le Mills dziɖuɖua me.","Le eƒe ŋugbedodo be yeaɖe Dɔdzikpɔla siwo woɖo ƒe xexlẽme dzi akpɔtɔ ahakpɔ dziɖuɖu si me amewo mesɔ gbɔ fũu o dzi nu la, woɖe Dɔdzikpɔlawo ƒe xexlẽme dzi akpɔtɔ ŋutɔ tso 87 le Kufuor ƒe NPP dziɖuɖu si va yi la me va ɖo 73 (si nye 16% ƒe dzikpɔkpɔtɔ) le dziɖuɖu si Mills xɔ ŋgɔ na la me.",run1,53.86652390230691,19.96019880774733,5.759321006365566
Aeroplanes serve as the fastest method of transportation today.,Aƒetɔviwo wɔa dɔ egbea be ʋuwo ƒe mɔ kpuietɔ kekeake.,Yameʋuwoe nye mɔzɔmɔnu si zɔna kaba wu katã egbea.,run1,20.30421649842514,19.96019880774733,5.759321006365566
The peoples' hostility is complicating the health workers' job of suppressing outbreaks.,Ameawo ƒe fuléle le lãmesẽdɔwɔlawo ƒe dɔ si nye be woatsi dɔvɔ̃wo nu la le sesẽm ɖe edzi.,Amewo ƒe adãdodo le kuxi dom na lãmesẽdɔwɔlawo ƒe dɔ si nye mɔxexe na dɔvɔ̃wo ƒe kaka.,run1,44.761848126717226,19.96019880774733,5.759321006365566
"Some men do not provide for their families, and they abandon girls after impregnating them.","Some men do not provide for their families, and they abandon girls after impregnating them.","Ŋutsu aɖewo mekpɔa woƒe ƒomewo dzi o, eye wogblẽa nyɔnuviwo ɖi le fu fɔfɔ na wo megbe.",run1,12.160763936959993,19.96019880774733,5.759321006365566
The porcupine is a very elusive and hard animal to kill.,Kotoko nye lã si womate ŋu asi le bɔbɔe o eye wòsesẽna be woawu.,Kotoko la nye lã si léle kple wuwu sesẽ ŋutɔ.,run1,27.175151305086732,19.96019880774733,5.759321006365566
People were advised to work hard for their church and family.,Woɖo aɖaŋu na amewo be woawɔ dɔ sesẽ ɖe woƒe sɔlemeha kple woƒe ƒomea ta.,Woɖo aɖaŋu na amewo be woawɔ dɔ vevie na woƒe sɔleme kple ƒome.,run1,62.792452557337874,19.96019880774733,5.759321006365566
The people of Twifo Praso used the saterlite to connect to other parts of the world.,Twifo Prasotɔwo zã satelait la tsɔ do ka kple xexeame ƒe akpa bubuwo.,Twifo Prasotɔwo zã satelaite la tsɔ do ka kple xexea me ƒe akpa bubuwo.,run1,94.96152646239211,19.96019880774733,5.759321006365566
"States, tribes, and local communities can create environments that are supportive of women’s health and tailored to local needs and challenges.","Dukɔwo, towo, kple nutoa me tɔwo ate ŋu awɔ nɔnɔme siwo ado alɔ nyɔnuwo ƒe lãmesẽ eye woasɔ ɖe nutoa me ƒe nuhiahiãwo kple kuxiwo nu.","Dukɔwo, towo, kple nutomewo ate ŋu aɖo nɔnɔmewo anyi siwo ado alɔ nyɔnuwo ƒe lãmesẽ eye wotrɔ asi le wo ŋu be woasɔ kple nutomea ƒe nuhiahiãwo kple kuxiwo.",run1,74.22226996264159,19.96019880774733,5.759321006365566
This made him to come and pick some of his people to add up and to teach Asanteman sense.,Esia na wòva tia eƒe amewo dometɔ aɖewo be yeatsɔ aƒo ƒu eye yeafia Asanteman sidzedze.,Esia na wòva tia eƒe amewo dometɔ aɖewo tsɔ kpe ɖe eŋu be wòafia nunya Asanteman.,run1,60.01784470528014,19.96019880774733,5.759321006365566
"This shocked her so much that she even considered taking her life, as she couldn’t see any way she could support herself with that little money each month.","Esia wɔ nuku nɛ ale gbegbe be ebu eŋu gɔ̃ hã be yeaɖe yeƒe agbe ɖa, elabena mete ŋu kpɔ mɔ aɖeke si dzi yeato akpɔ ye ɖokui dzi kple ga sue ma ɣleti sia ɣleti o.","Esia wɔ nuku nɛ ale gbegbe be ebu eɖokui wuwu gɔ̃ hã ŋu, elabena mekpɔ mɔ aɖeke si dzi wòato akpɔ eɖokui dzi kple ga vi ma ɣleti sia ɣleti o.",run1,67.10763337159955,19.96019880774733,5.759321006365566
These elders are sometimes women who wont give birth again due to their experience to help others.,Hamemetsitsi siawo nyea nyɔnu ɣeaɖewoɣi siwo magadzi vi ake o le woƒe nuteƒekpɔkpɔ be woakpe ɖe ame bubuwo ŋu ta.,"Ɣeaɖewoɣi la, ametsitsi siawo nye nyɔnu siwo madzi vi ake o le woƒe nuteƒekpɔkpɔ ta be woakpe ɖe ame bubuwo ŋu.",run1,76.97935929962222,19.96019880774733,5.759321006365566
Border districts are greatly affected by the Pandemic.,Nuto siwo me dome gblẽa nu le ŋunye la gblẽa nu le ŋutɔ.,Dɔvɔ̃ la kpɔ ŋusẽ ɖe liƒo nutowo dzi ŋutɔ.,run1,16.16178660382293,19.96019880774733,5.759321006365566
The people resorted to mob justice to solve the ongoing land disputes.,Ameawo to nuvlowɔhawo ƒe ʋɔnudɔdrɔ̃ dzi be yewoakpɔ anyigba ŋuti nyaʋiʋli siwo nɔ edzi yim la gbɔ.,Amewo trɔ ɖe ameha ƒe ʋɔnudɔdrɔ̃ ŋu be woatsɔ akpɔ anyigba ŋuti masɔmasɔ siwo le edzi yim la gbɔ.,run1,50.158759751419815,19.96019880774733,5.759321006365566
Local defence officer broke into my neighbour's home.,Aʋawɔla si le míaƒe aƒelikawo gbɔ va míaƒe aƒe me.,Nutome dedienɔnɔ dzikpɔla la ge ɖe nye aƒelika ƒe aƒe me sesẽe.,run1,32.94105755730523,19.96019880774733,5.759321006365566
"In a case where two or more people were heading to a place and one or some of them decided to take the lead, when they got to a junction, they put leaves on the path they took so as to inform the others behind them of where they passed.","Le nya aɖe si me ame eve alo esi wu nenema ɖo ta teƒe aɖe eye wo dometɔ ɖeka alo wo dometɔ aɖewo tso nya me be yewoaxɔ ŋgɔ la, ne woɖo mɔdodo aɖe dzi la, wotsɔa aŋgbawo dana ɖe mɔ si dzi woto la dzi ale be woana ame mamlɛ siwo le megbe na wo la nanya afi si wole woto eme va yi.","Le nɔnɔme si me ame eve alo wu nenema yina teƒe aɖe eye wo dometɔ ɖeka alo aɖewo ɖoe be yewoaxɔ ŋgɔ la, ne woɖo mɔdidiƒe la, woda aŋgbawo ɖe mɔ si dzi woto la dzi be ame siwo le wo megbe gbɔna nanya afi si woto.",run1,58.305367216964655,19.96019880774733,5.759321006365566
Women believe in traditional birth attendants more than in hospital staff.,Nyɔnuwo ate ŋu awɔ dɔ si ŋutsuwo wɔna eye woaga ate ŋu awɔ dɔwɔɖuia si ŋtsuwo wɔna hã.,Nyɔnuwo ka ɖe dekɔnu amedzilawo dzi wu kɔdzi dɔwɔlawo.,run1,17.621371951736187,19.96019880774733,5.759321006365566
"Then 35% of them manage to complete secondary school (SHS). The reasons for the decline in primary, secondary, and high school completion rates may include early dropout, replacement, and early dropout.","Emegbe wo dometɔ blaetɔ̃ vɔ atɔ̃ le alafa me te ŋu wu sekɛndrisuku (SHS) nu. Nusiwo gbɔ gɔmedzesuku, sekɛndrisuku, kple sekɛndrisuku wuwu ƒe agbɔsɔsɔ dzi ɖe kpɔtɔ ate ŋu anye be wodzudzɔ sukudede kaba, wo ɖɔli wo nɔewo, kple wo dzudzɔ kaba.","Emegbe la, wo dometɔ 35% te ŋu wua sekɛndrisuku (SHS) nu. Susu siwo ta gɔmedzesuku, sekɛndrisuku, kple kɔledzi wuwu ƒe agbɔsɔsɔ dzi ɖe kpɔtɔ ate ŋu anye suku dzudzɔ kaba, teƒeɖoɖo, kple suku dzudzɔ kaba.",run1,61.382868447781,19.96019880774733,5.759321006365566
"First of all, social media encourages our lives.","Gbã la, hadomenyatakakadzraɖoƒewo dea míaƒe agbenɔnɔ ƒe dzi ƒo.","Gbã la, hadomekadodowo dea dzi ƒo na míaƒe agbenɔnɔ.",run1,54.48165695125812,19.96019880774733,5.759321006365566
"In a meeting to discuss the training of teachers, the Chief Director of the Ministry of Education, Divine Ayidzoe, said that the examination will be based on two core subjects: Numeracy and Literacy.","Le kpekpe aɖe si me wodzro nufialawo ƒe hehexɔxɔ me le me la, Sukudede ƒe Dɔdzikpɔlagã, Divine Ayidzoe, gblɔ be dodokpɔa anɔ te ɖe nusɔsrɔ̃ vevi eve dzi: xexlẽdzesi kple nuŋɔŋlɔdzesi.","Le kpekpe si me wodzro nufialawo ƒe hehe ŋu le la me la, Sukunyawo Gbɔkpɔƒe ƒe Dɔdzikpɔla Gã, Divine Ayidzoe, gblɔ be dodokpɔ la anɔ te ɖe nusɔsrɔ̃ vevi eve dzi: Akɔntabubu kple Agbalẽnyanya.",run1,66.78137517109664,19.96019880774733,5.759321006365566
"Others from the Minority side include Tongu North Member of Parliament Samuel Okudzeto Ablakwa, Klottey-Korle Member of Parliament, Dr. Zenator Agyeman-Rawlings and Akatsi South Member of Parliament, Bernard Ahiafor.","Ame bubu siwo tso Ame Suesuewo ƒe akpa dzi dometɔ aɖewoe nye Tongu Dziehe Sewɔtakpekpe me tɔ Samuel Okudzeto Ablakwa, Klottey-Korle Sewɔtakpekpe me tɔ, Ðɔkta Zenator Agyeman-Rawlings kple Akatsi Anyiehe Sewɔtakpekpe me tɔ, Bernard Ahiafor.","Ame bubu siwo tso Ame ʋɛwo ƒe akpaa dzi la dometɔ aɖewoe nye Dziehe Tongu ƒe Sewɔtakpekpe me tɔ Samuel Okudzeto Ablakwa, Klottey-Korle ƒe Sewɔtakpekpe me tɔ, Dr. Zenator Agyeman-Rawlings kple Anyiehe Akatsi ƒe Sewɔtakpekpe me tɔ, Bernard Ahiafor.",run1,83.79344244141231,19.96019880774733,5.759321006365566
The village leader writes down the names of the people interested.,Kɔƒea ƒe ŋgɔnɔla ŋlɔa ame siwo tsɔ ɖe le eme la ƒe ŋkɔwo ɖi.,Kɔƒemegã la ŋlɔ ame siwo tsɔ ɖe le eme la ƒe ŋkɔwo ɖi.,run1,72.83113511414362,19.96019880774733,5.759321006365566
"At the age of sixty-five years, he retired from his career, but unfortunately, the funds left him by the company were so small, that they could not care for him in any way.","Esi wòxɔ ƒe blaade vɔ atɔ̃ la, exɔ dzudzɔ le eƒe dɔwɔɖuia me, gake nublanuitɔe la, ga si dɔwɔƒea gblẽ ɖi nɛ la nɔ sue ale gbegbe, ale gbegbe be womete ŋu kpɔ edzi le mɔ aɖeke nu o.","Esi wòxɔ ƒe blaade vɔ atɔ̃ la, exɔ dzudzɔ le dɔme, gake nublanuitɔe la, ga si dɔwɔƒea gblẽ ɖi nɛ la nɔ sue ale gbegbe be mate ŋu akpɔ egbɔ le mɔ aɖeke nu o.",run1,76.7887745432965,19.96019880774733,5.759321006365566
The church leader was arrested for seducing his female followers into sexual acts.,Wolé sɔlemehakplɔla la le esi wòble eyomedzela nyɔnuwo be woawɔ gbɔdɔnuwo ta.,Wolé sɔlemehakplɔla la ɖe eƒe nyɔnu yomedzelawo bleble de gbɔdɔdɔ me ta.,run1,53.11923147751211,19.96019880774733,5.759321006365566
There is an increase in diseases yet drugs in health centres are not enough.,"Dɔlélewo le dzidzim ɖe edzi, gake atike siwo le kɔdziwo me mesɔ gbɔ o.",Dɔlélewo le dzidzim ɖe edzi gake atikewo mesu le kɔdziwo o.,run1,67.972345724892,19.96019880774733,5.759321006365566
"It was about Nana Agradaa's imprisonment that Serwaa Amihere, a great and well known GhOne Tv Correspondent commented on Twitter that he had not found any evidence of Agradaa's guilt.","Nana Agradaa ƒe gaxɔmenɔnɔ ŋue Serwaa Amihere, si nye GhOne Tv Nyadzɔdzɔŋlɔla gã aɖe si wonya nyuie la gblɔ le Twitter dzi be yemeke ɖe kpeɖodzi aɖeke ŋu be Agradaa ɖi fɔ o.","Nana Agradaa ƒe gaxɔmedede ŋue Serwaa Amihere, si nye GhOne Tv nyadzɔdzɔŋlɔla gã xɔŋkɔ la, ɖe eƒe susu gblɔ le Twitter dzi be yemekpɔ kpeɖodzi aɖeke ku ɖe Agradaa ƒe fɔbubu ŋu o.",run1,69.99276007201823,19.96019880774733,5.759321006365566
Most of the crops were destroyed thus people have nothing to harvest.,"Nukuawo dometɔ akpa gãtɔ gbã, eya ta nuŋeɣi aɖeke mele amewo si o.","Nukuwo ƒe akpa gãtɔ gblẽ, eyata naneke mele amewo si woaŋe o.",run1,53.34749069178796,19.96019880774733,5.759321006365566
"In order to avoid controversy, all black ships to be purchased shall be vessels with low taxes on their purchases, and their equipment shall be clean and will contribute to the stability of the national economy;","Be woaƒo asa na nyaʋiʋli la, ameyibɔwo ƒe meli siwo katã woaƒle la nanye tɔdziʋu siwo ƒe adzɔ sue aɖe koe woxena ɖe woƒe nuƒlewo ta, eye woƒe dɔwɔnuwo nanɔ dzadzɛ eye woana dukɔa ƒe ganyawo nali ke;","Be woaƒo asa na nyaʋiʋli la, ele be tɔdziʋu yibɔ siwo katã woaƒle la nanye esiwo ƒe ƒeƒle adzɔ le bɔbɔe, eye woƒe dɔwɔnuwo nanɔ dzadzɛ ahakpe ɖe dukɔa ƒe ganyawo ƒe kelili ŋu;",run1,60.832727900044034,19.96019880774733,5.759321006365566
Ever heard the name Mr.Bean? And what about KFC? Do you know who started it? You know these people are not Ghanaian?,Èse ŋkɔ si nye Mr. Bean kpɔa? Ke KFC ya ɖe? Ènya amesi dze nua gɔmea? Ènya be menye Ghana-vidzidziwoe ame siawo nye oa?,Èse ŋkɔ Mr. Bean kpɔa? Ke KFC ya ɖe? Ènya amesi dze egɔmea? Ènya be amesiawo menye Ghanatɔwo oa?,run1,66.54870719360969,19.96019880774733,5.759321006365566
"As customs demands, Akan people have made some arrangments that are followed to name a child.","Abe alesi kɔnuwo bia ene la, Akantɔwo wɔ ɖoɖo aɖewo siwo dzi wowɔna tsɔ yɔa ɖevi ƒe ŋkɔ.","Abe ale si kɔnu bia ene la, Akanwo wɔ ɖoɖo aɖewo siwo dzi wowɔna ɖo tsɔa ŋkɔ na ɖevi.",run1,71.32764114437393,19.96019880774733,5.759321006365566
"Deputy Minister for Energy, Dr Mohammed Amin Adam has made known that the government is ready to exchange gold for oil; the government has made arrangements to engage in this trade.","Ŋusẽnyawo gbɔkpɔla ƒe kpeɖeŋutɔ, Dr Mohammed Amin Adam na wonya be dziɖuɖua le klalo be yeaɖɔli sika ɖe ami teƒe; dziɖuɖua wɔ ɖoɖo be yeaƒo ye ɖokui ɖe asitsatsa sia me.","Ŋusẽnyawo Dɔnunɔla ƒe kpeɖeŋutɔ, Dr Mohammed Amin Adam, na wòdze be dziɖuɖua le klalo be yeatsɔ sika aɖɔli ami; dziɖuɖua wɔ ɖoɖowo be yeade asi asitsatsa sia me.",run1,68.48236761890048,19.96019880774733,5.759321006365566
"Again, it is crucial for us to collaborate with our development partners in the country to alleviate the hardships faced by our citizens.","Le afisia hã la, ele vevie ŋutɔ be míawɔ dɔ aduadu kple míaƒe ŋgɔyiyidɔwɔha siwo le dukɔa me be míaɖe nɔnɔme sesẽ siwo míaƒe dumeviwo doa goe dzi akpɔtɔ.","Azɔ hã, ele vevie ŋutɔ be míawɔ dɔ aduadu kple míaƒe ŋgɔyiyidɔwɔhati siwo le dukɔa me be míaɖe míaƒe dukɔmeviwo ƒe fukpekpewo dzi akpɔtɔ.",run1,69.41978139426854,19.96019880774733,5.759321006365566
"Here are the days of the week: Monday, Tuesday, Wednesday, Thursday, Friday, Saturday and Sunday. Monday to Friday are weekdays and people go to work on these days. Saturday and Sunday are weekends, and people generally rest on these days.","Kwasiɖaa ƒe ŋkekewoe nye esi: Dzoɖa, Braɖa, Kuɖa, Kwasiɖa, Fiɖa, Memleɖa kple Kwasiɖa. Dzoɖa kple Fiɖa nye kwasiɖa ŋkekewo, eye amewo yina ŋkeke siawo me.","Kwasiɖagbewo ye nye esiwo: Dzoɖa, Blaɖa, Kuɖa, Yawoɖa, Fiɖa, Memleɖa kple Kɔsiɖa. Tso Dzoɖa va se ɖe Fiɖa nye dɔwɔgbewo eye amewo yia dɔ me le ŋkeke siawo dzi. Memleɖa kple Kɔsiɖa nye kwasiɖanuwuwuwo, eye zi geɖe la, amewo dzudzɔna le ŋkeke siawo dzi.",run1,59.42510224880131,19.96019880774733,5.759321006365566
The Togoland Congress voted 42% against. 58% of votes opted for integration.,"Togoland ƒe Takpekpea me tɔwo ƒe 42 le alafa me tsi tre ɖe eŋu, eye wo dometɔ 58 le alafa me tiae be yewoawɔ ɖeka.",Togoland Congress da akpa 42% tsi tre. Akpa siwo woɖa ƒe 58% tia ɖekawɔwɔ.,run1,22.285560027226893,19.96019880774733,5.759321006365566
"1.Primary hypertension - This is what doctors say they do not know the exact cause of. Rather, it is the most common of the two.",Primary hypertension - Esia nye nusi ɖɔktawo gblɔ be yewomenya nusi tututu gbɔ wòtso o. Ke boŋ eyae bɔ wu le eveawo dome.,"1. Ʋusɔgbɔdɔ gbãtɔ - Esiae ɖɔktawo gblɔ be yewomenya eƒe dzɔtsoƒe tututu o. Ke boŋ, eyae bɔ wu le eveawo dome.",run1,54.34235225348958,19.96019880774733,5.759321006365566
"Improve factors that are associated with health and wellness, including safe communities, clean water and air, stable housing and access to affordable healthy food.","Nu siwo do ƒome kple lãmesẽnyawo, ame siwo dometɔ aɖewoe nye dedienɔnɔ, tsi dzadzɛ kple ya, mlɔƒe si me nunyiame mele o, kple nuɖuɖu siwo me nunyiame mele o.","Na nu siwo do ƒome kple lãmesẽ kple dedienɔnɔ nanyo ɖe edzi, siwo dome nuto dediewo, tsi kple ya dzadzɛ, nɔƒe siwo li ke, kpakple mɔnukpɔkpɔ ɖe nuɖuɖu nyui siwo ƒe asi bɔbɔ ŋu le.",run1,47.26633052537667,19.96019880774733,5.759321006365566
"This happened on Wednesday, September 14, 2022, when a Nigerian Media group, News Agency Of Nigeria (NAN) was announcing this news, they said he was sentenced on March 2022, for defiling a nine year old child.","Esia dzɔ le Kuɖa, September 14, 2022 dzi, esime Nigeria Nyadzɔdzɔgblɔlawo ƒe ƒuƒoƒo aɖe, News Agency Of Nigeria (NAN) nɔ gbeƒã ɖem nya sia, wogblɔ be wotso afia nɛ le March 2022, le esi wòƒo ɖi ɖevi si xɔ ƒe enyi ta.","Esia dzɔ le Kuɖa, Anyɔnyɔ 14, 2022 dzi, esi Nigeria nyakakaha aɖe, News Agency Of Nigeria (NAN) nɔ nyadzɔdzɔ sia gblɔm la, wogblɔ be wode to nɛ le Tedoxe 2022 me, le esi wògblẽ ɖevi ƒe asieke vi aɖe ta.",run1,53.916540045930276,19.96019880774733,5.759321006365566
People have acquired skills and this enables them to participate in business activities.,Ate ŋu asu amewo si eye esia kpena ɖe wo ŋu wotea ŋu kpɔa gome le dɔwɔƒewo.,Amewo srɔ̃ aɖaŋuwo eye esia na wote ŋu kpɔa gome le asitsatsa ƒe dɔwɔnawo me.,run1,46.39315001555435,19.96019880774733,5.759321006365566
The Ghana National Commission was lunched yesterday to work on the seven year strategic pan on Tuesday.,Ghana Dukɔa ƒe Dɔwɔha la ɖu ŋdɔnu etsɔ be woawɔ dɔ tso ƒe adre ƒe aɖaŋuɖoɖo pan ŋu le Kuɖagbe.,Woɖe asi Ghana Dukɔa ƒe Kɔmisin ŋu etsɔ si va yi be wòawɔ dɔ le ƒe adre ƒe aɖaŋuɖoɖo la ŋu le Braɖagbe.,run1,50.91053202656744,19.96019880774733,5.759321006365566
She is allergic to certain smells and could not tolerate the smell from her shoes.,Edzea dɔ ɖe nuʋeʋẽse aɖewo ŋu eye metea ŋu ɖea mɔ eƒe afɔkpa ƒe ʋeʋẽ la nu o.,Eƒe lãme gbea ʋeʋẽ aɖewo eye mete ŋu do dzi ɖe ʋeʋẽ si tso eƒe afɔkpawo me la nu o.,run1,42.48391251735699,19.96019880774733,5.759321006365566
The current pandemic situation has made many people postpone their marriage ceremonies.,Dɔvɔ̃a ƒe nɔnɔme si li fifia na ame geɖe he woƒe srɔ̃ɖekɔnuwo ɖe megbe.,Dɔvɔ̃ nɔnɔme si le edzi yim fifia na ame geɖewo he woƒe srɔ̃ɖeɖe wɔnawo ɖe megbe.,run1,66.96790922517053,19.96019880774733,5.759321006365566
The doctor in the clinic referred her to the nearby hospital.,Ðɔkta si le kɔdzi la na wòyi kɔdzi aɖe si te ɖe afi ma ŋu me.,Atikewɔla si le kɔdzivi la me dɔe ɖe kɔdzi si tsɔ la.,run1,34.31591150771457,19.96019880774733,5.759321006365566
He clearly knew he could try his hand at magic.,Enyae kɔte be yeate ŋu ate yeƒe asi kpɔ le akunyawɔwɔ me.,Enya nyuie be yeate ŋu ate dzototo kpɔ.,run1,34.68219139495661,19.96019880774733,5.759321006365566
The magazine was known for its free demos it included in each issue. The demos were upcoming or new video games that might be interesting to buy by the player. The magazine was produced for almost ten years. The first issue was the September 1997 issue and the final issue was released on January 2007.,"Wonya magazine sia le eƒe numedzodzro siwo wowɔna femaxee le eƒe tata ɖesiaɖe me ta. Video-fefe yeye siwo gbɔna alo esiwo ƒeƒle adze ame ŋu la ƒe wɔwɔfiawoe. Wota magazine sia ƒe ewo kloe. Magazine gbãtɔe nye September 1997 tɔ, eye magazine mamlɛtɔe nye January 2007 tɔ.","Wonya magazine la ɖe eƒe fefe ƒe kpɔɖeŋu dzodzro siwo wòdena tata ɖesiaɖe me la ta. Kpɔɖeŋu siawo nye video dzi fefe yeyewo alo esiwo gbɔna, siwo adzɔ dzi na fefelawo be woaƒle. Wota magazine la hena ƒe ewo kloe. Tata gbãtɔ nye Anyɔnyɔ 1997 tɔ, eye tata mamlɛtɔ do le Dzove 2007 me.",run1,49.12795681530407,19.96019880774733,5.759321006365566
Her understanding nature allowed her to empathize with others and offer valuable support.,Ale si wòse nuwo gɔme la na wòse veve ɖe amewo ŋu eye wòkpe ɖe eŋu vevie.,Eƒe nugɔmesese ƒe nɔnɔme la na wòte ŋu se veve ɖe ame bubuwo nu eye wòna kpekpeɖeŋu xɔasi.,run1,45.31671223030981,19.96019880774733,5.759321006365566
"As we already know, laughter is descending so when you smile at someone, it makes the person smile at you too so you can keep in touch.","Abe alesi míenyae xoxo ene la, nukoko le ɖiɖim eyata ne èko alɔgbɔnu na ame aɖe la, ena amea hã ko alɔgbɔnu na wò ale be nàte ŋu anɔ kadodo me kpli wò.","Abe alesi míenyae xoxo ene la, nukoko xɔa ame, eyata ne èko alɔgbɔnu na ame aɖe la, enaa ame la hã koa alɔgbɔnu na wò ale be miate ŋu anɔ kadodo me.",run1,78.69556583821267,19.96019880774733,5.759321006365566
We were requested to condole with the family of the deceased.,Wobia tso mía si be míafa akɔ na ame kukua ƒe ƒometɔwo.,Wobia tso mía si be míado baba na ame kuku la ƒe ƒomea.,run1,65.28226165518906,19.96019880774733,5.759321006365566
Another benefit of quail is that it contains fiber which helps prevent asthma.,Viɖe bubu si le kpakpaluʋui ŋu enye be fibre le eme si kpena ɖe ame ŋu be wòaxe mɔ ɖe asrãdɔ nu.,Atekui ƒe viɖe bubu ye nye be fiber le eme si kpena ɖe ame ŋu xea mɔ ɖe gbɔxidɔ nu.,run1,48.69287440482224,19.96019880774733,5.759321006365566
"Honesty is a core requirement. And in addition to that, you should make sure you are reliable, dedicated, tolerant and hardworking. Don't try to take any shortcuts.","Tsɔ kpe ɖe eŋu la, ele be nàkpɔ egbɔ be ènye nuteƒewɔla, wò ŋutɔ nènye adzɔgbetɔ, èɖanye nuteƒemawɔmawɔ, eye nèwɔa nuteƒe nɛ o. Mègadze agbagba be yeawɔ nu vevi aɖeke o.","Anukwareɖiɖi nye nuhiahiã vevi aɖe. Tsɔ kpe ɖe eŋu la, ele be nàkpɔ egbɔ be nènye ame si ŋu woaka ɖo, nètsɔa ɖokuiwò na, nègbɔa dzi ɖi, eye nèwɔa dɔ sesĩe. Mègadze agbagba be nàto mɔ kpui aɖeke dzi o.",run1,49.49309018424237,19.96019880774733,5.759321006365566
"The choice was more than merely symbolic, because modern Ghana, like its namesake, was equally famed for its wealth and trade in gold.","Menye kpɔɖeŋunyagbɔgblɔ dzro aɖe koe tiatiaa nye o, elabena egbegbe Ghana hã xɔ ŋkɔ nenema ke le eƒe kesinɔnuwo kple sika ƒe asitsatsa ta.","Tiatia la menye kpɔɖeŋu dzro ko wònye o, elabena egbegbe Ghana, abe dukɔ si ƒe ŋkɔ wòtsɔ ene la, xɔ ŋkɔ nenema ke ɖe eƒe kesinɔnuwo kple sika ƒe asitsatsa ta.",run1,70.35265177187586,19.96019880774733,5.759321006365566
One hundred thousand cedis is the least they get from vehicle pushing on rainy days.,"Ne tsi dza ŋkeke siwo le tsidzadzam la, ʋu akpe alafa ɖekae nye nuɖuɖu siwo suesuesue la.",Sedi akpe alafa ɖeka ye nye ga sue tɔ si wokpɔna tso ʋututu me le tsidzagbewo.,run1,35.32478281900114,19.96019880774733,5.759321006365566
Major football leagues have resumed after a temporary lockdown.,Afɔbɔlƒoƒonu gbogbo aɖewo gate afɔbɔlƒoƒegãwo kpɔ esime wodo ɣeyiɣi kpui aɖe vɔ megbe.,Bɔlƒoƒo habɔbɔ gãwo gbugbɔ dze egɔme le mɔxexe ɖe ame nu hena ɣeyiɣi aɖe megbe.,run1,29.807928657631145,19.96019880774733,5.759321006365566
"As soon as he received his diplomas, he decided to make his dream come true.","Esi wòxɔ eƒe ɖaseɖigbalẽwo teti ko la, eɖoe be yeana yeƒe drɔ̃ea nava eme.","Esi wòxɔ eƒe ɖasefogbalẽwo ko la, eɖoe be yeana yeƒe drɔ̃e nava eme.",run1,76.23602466174391,19.96019880774733,5.759321006365566
Some youth leaders have been arrested for misuse of youth funds.,Wolé sɔhɛmenɔlawo ƒe ŋgɔnɔla aɖewo le esi womewɔa sɔhɛwo ƒe gawo madzemadzee o ta.,Wolé sɔhɛwo ƒe kplɔla aɖewo ɖe sɔhɛwo ƒe ga zazã gbegblẽ ta.,run1,35.869463687053724,19.96019880774733,5.759321006365566
The leader is working with the community to set up another classroom block.,Kplɔla la le dɔ wɔm kple nutoa me tɔwo be yewoaɖo sukuxɔ bubu.,Kplɔla la le dɔ wɔm kple dua be woatu sukuxɔ bubu.,run1,60.032174350877796,19.96019880774733,5.759321006365566
Parents should offer sex education to children and not leave it to teachers.,Dzilawo nafia gbɔdɔnufiafia na ɖeviwo eye woagagblẽe ɖi na nufialawo o.,"Ele be dzilawo nafia gbɔdɔdɔ ŋuti nyawo ɖeviwo, eye womagblẽe ɖi na nufialawo o.",run1,64.44784088832078,19.96019880774733,5.759321006365566
"He insisted that if Mama Pat was arrested, then many of the various priests and religious leaders in Ghana should be arrested as well.","Ete tɔ ɖe edzi be ne wolé Mama Pat la, ekema ele be woalé osofo kple subɔsubɔhakplɔla vovovo siwo le Ghana la dometɔ geɖe hã.","Ete gbe ɖe edzi be ne wolé Mama Pat la, ekema ele be woalé nunɔla kple subɔsubɔ kplɔla vovovo geɖewo le Ghana hã.",run1,69.23737051330328,19.96019880774733,5.759321006365566
"Although the reasons for his dismissal of Lawyer Effah Dartey are unclear, the two lawyers must wear the robes of the court","Togbɔ be susu siwo ta wòɖe Senyala Effah Dartey le dɔme me mekɔ o hã la, ele be senyala eveawo nado ʋɔnudrɔ̃ƒea ƒe awudziwuiwo","Togbɔ be susu siwo ta wòɖe Senyala Effah Dartey le dɔ me mekɔ o hã la, ele be senyala eveawo nado ʋɔnudrɔ̃ƒe ƒe awuwo.",run1,88.25609184198908,19.96019880774733,5.759321006365566
"Investigations shows that, after the match, Tuchel went to the football pitch in Cobham where the Chelsea players were preparing themselves to congratulate them and have a chat with them on the match.","Numekukuwo ɖee fia be, le bɔlƒoƒoa megbe la, Tuchel yi bɔlƒoƒe le Cobham afisi Chelsea fefewɔlawo nɔ dzadzram ɖo be yewoado dzidzɔ na wo eye yewoaɖo dze kpli wo le bɔlƒoƒoa ŋu.","Numekukuwo ɖee fia be, le fefea megbe la, Tuchel yi bɔlƒoƒea le Cobham afi si Chelsea fefelawo nɔ wo ɖokui dzram ɖo le be yeakafu wo eye yeaɖo dze kpli wo tso fefea ŋu.",run1,64.02686182868689,19.96019880774733,5.759321006365566
These energy drinks help in reducing the body fat in a healthy manner.,Ŋusẽdonu siawo kpena ɖe ame ŋu le ŋutilã me ami dzi ɖeɖe kpɔtɔ me le mɔ si naa lãmesẽ nu.,Ŋusẽdonunono siawo kpena ɖe ŋutilã me ami dzi ɖeɖe kpɔtɔ ŋu le mɔ si nyo na lãmesẽ nu.,run1,73.49616623401714,19.96019880774733,5.759321006365566
"Over time the spot became soft, thereby allowing the townspeople to break through the wall and escape.","Le ɣeyiɣi aɖe megbe la, bɔbɔ henɔ bɔbɔe, eye wòna dua me tɔwo si to glia dzi.","Le ɣeyiɣi aɖe megbe la, teƒe la va bɔbɔ, si wɔe be duametɔwo te ŋu gbã glia hesi.",run1,49.71357703773848,19.96019880774733,5.759321006365566
One key objective for any business is to maintain its customers.,Taɖodzinu vevi ɖeka si le dɔwɔnu ɖe sia ɖe si ye nye be woadzra eƒe asitsalawo ɖo nyuie.,Taɖodzinu vevi ɖeka na asitsadɔ ɖesiaɖe ye nye be wòalé eƒe asisiwo me ɖe asi.,run1,51.45782308251913,19.96019880774733,5.759321006365566
A number of such places can be found in the Ashanti Region.,Woate ŋu akpɔ teƒe siawo dometɔ geɖe le Ashanti Nutoa me.,Woate ŋu akpɔ teƒe siawo tɔgbi aɖewo le Asante Nutome.,run1,56.68893124574059,19.96019880774733,5.759321006365566
"Without IMF, will Ghana be able to sustain its economic growth and stability?",Adzodalawo za petro kple lɔri kpa tsɔ tɔ̃ dzo aƒea le esime agboŋudzɔlawo menya o.,"Ne IMF meli o la, ɖe Ghana ate ŋu alé eƒe ganyawo ƒe ŋgɔyiyi kple anyinɔnɔ sesĩe me ɖe asi a?",run1,16.301650220286795,19.96019880774733,5.759321006365566
The police added; “The police force has brought peace to the city and we have put in place strict measures to reach and arrest the remaining perpetrators of the violence before the law.,Kpovitɔwo gblɔ kpee be; “Kpovitɔwo ƒe ha la he ŋutifafa va dua me eye míewɔ afɔɖeɖe sesẽwo be míaɖo ŋutasẽnuwɔla susɔe siwo le sea ŋkume gbɔ ahalé wo.,Kpovitɔwo tsɔe kpe eŋu be; “Kpovitɔwo ƒe ha la he ŋutifafa vɛ na dua eye míeɖo mɔnu sesẽwo anyi be míadi ŋutasesẽwɔla siwo susɔ la alé akplɔ wo ava se la ŋkume.”,run1,52.88878348236281,19.96019880774733,5.759321006365566
"The doctor, who has established a formidable business in Berekum with a large customer base, not only works for the government but also operates as an entrepreneur, testing the quality of meat and continuously acquiring skills and knowledge through the business that has significantly improved his living standards.","Ðɔkta sia si ɖo asitsaha dziŋɔ aɖe ɖe Berekum si me asisi gbogbo aɖewo le la, menye ɖeko wòwɔa dɔ na dziɖuɖua ko o, ke ewɔa dɔ abe asitsala ene hã, edoa lã ƒe nyonyome kpɔna eye wòyia edzi xɔa aɖaŋu kple sidzedze to asitsaha si na eƒe agbenɔnɔ nyo ɖe edzi ŋutɔ la dzi dzidzenuwo dzi.","Atikewɔla la, ame si ɖo asitsadɔ sesẽ aɖe anyi le Berekum si asisi geɖewo le esi la, mewɔa dɔ na dziɖuɖua ɖeɖe ko o, ke ewɔa dɔ abe asitsala hã ene, edoa lã ƒe nyonyome kpɔna eye wòyia edzi xɔa aɖaŋu kple sidzedze to asitsadɔa me, si na eƒe agbenɔnɔ nyo ɖe edzi ŋutɔ.",run1,69.91230441989114,19.96019880774733,5.759321006365566
"At the same time, Denkyira was a very strong nation with Nana Ntim Gyakari as their king.","Le ɣeyiɣi ma ke me la, Denkyira nye dukɔ sesẽ aɖe ŋutɔ eye Nana Ntim Gyakari nye woƒe fia.","Le ɣeyiɣi ma ke me la, Denkyira nye dukɔ sẽŋu ŋutɔ aɖe, eye Nana Ntim Gyakari ye nye woƒe fia.",run1,82.02448099869727,19.96019880774733,5.759321006365566
Mr. Ishmael Ackah (PhD )who is the Secretary General of the Public Services Legislature has signed a petition that ECG should compensate anyone who affected because of this problem.,Aƒetɔ Ishmael Ackah (PhD )si nye Dudɔnunɔlawo ƒe Sewɔtakpekpe ƒe Agbalẽŋlɔla Gãtɔ de asi agbalẽ te be ele be ECG naxe fe na amesiame si ŋu wògblẽ nu le le kuxi sia ta.,"Aƒetɔ Ishmael Ackah (PhD), amesi nye Dutoƒodɔwɔwɔwo ƒe Sewɔtakpekpe ƒe Agbalẽŋlɔla Gã la, de asi kukuɖeɖegbalẽ aɖe te be ECG naɖo eteƒe na amesiame si ŋu nu gblẽ le le kuxi sia ta.",run1,68.41524596744473,19.96019880774733,5.759321006365566
Reproductive health projects have been of great value to the health sector.,Viɖe geɖe le ame siwo le lãmesẽnyawo me la ŋu.,Vidzidzi ŋuti lãmesẽ dɔwɔɖoɖowo ɖe vi gã aɖe na lãmesẽdɔwɔƒe la.,run1,24.03918470349613,19.96019880774733,5.759321006365566
"He went on to say that if the Bank of Ghana continues to enforce this law, we will all soon see things like; potatoes, fruit-based wines, bottled water, and Ceramic tiles will be non-trivially expensive.","Eyi edzi gblɔ be ne Ghana ƒe Gadzraɖoƒegã yi edzi le se sia dzi wɔm la, eteƒe madidi o mí katã míakpɔ nuwo abe;","Eyi edzi gblɔ be ne Bank of Ghana yi edzi le se sia dzi wɔm la, mía katã míava kpɔe kpuie be nuwo abe; yevute, atikutsetse me weinwo, atukpa me tsi, kple xɔmeɖokpewo axɔ asi ŋutɔ.",run1,51.45647194021489,19.96019880774733,5.759321006365566
There is a percentage of money councilors are to receive every month.,Ganagbɔsɔsɔme aɖe li si wòle be aɖaŋuɖolawo naxɔ ɣleti sia ɣleti.,Ga ƒe alafa memamã aɖe li si wòle be aɖaŋuɖolawo naxɔ ɣleti sia ɣleti.,run1,77.06608589280691,19.96019880774733,5.759321006365566
You can start a poultry business with only five hundred thousandcedis.,Wò susu mate ŋu adze akɔ anyi nenye be etsi dzimaɖi be fiafiwo ava gba yeƒe aƒe o.,Àte ŋu adze koklonyidɔ gɔme kple sidi akpe alafa atɔ̃ ko.,run1,19.0969476547306,19.96019880774733,5.759321006365566
"Because of this disease, some doctors have lost their lives.",Dɔléle sia tae ɖɔkta aɖewo bu woƒe agbe.,"Le dɔléle sia ta la, dɔyɔla aɖewo bu woƒe agbe.",run1,70.43787231057922,19.96019880774733,5.759321006365566
"When the grandmother was explaining the incidence, she said, "" I bought some medicine for her and scared her that, if she fails to tell what happened to her I will beat her.","Esi mama nɔ nudzɔdzɔa me ɖem la, egblɔ be, "" Meƒle atike aɖe nɛ eye medo vɔvɔ̃ nɛ be, ne edo kpo nusi dzɔ ɖe edzi gbɔgblɔ la, maƒoe.""","Esi mamaa nɔ nudzɔdzɔa me ɖem la, egblɔ be, ""Meƒle atike aɖe nɛ eye medo vɔvɔ̃ nɛ be, ne megblɔ nu si dzɔ ɖe edzi o la, maƒoe.""",run1,83.46180404521115,19.96019880774733,5.759321006365566
"She left four children behind, their names are; Prince Charles who was born in 1948, Princess Anne born in 1950, Prince Andew and Prince Edward born in 1960 and 1964 respectively, and had twelve grandchildren.","Egblẽ vi ene ɖi, woƒe ŋkɔwoe nye; woƒe ŋkɔwoe nye; Fiaviŋutsu Charles si wodzi le ƒe 1948 me, Fiavinyɔnu Anne si wodzi le ƒe 1950 me, Fiaviŋutsu Andew kple Fiavi Edward si wodzi le ƒe 1960 kple 1964 me, eye tɔgbuiyɔvi wuieve nɔ esi.","Egblẽ vi ene ɖi, woƒe ŋkɔwoe nye; Fiavi Charles si wodzi le ƒe 1948 me, Fiavi Anne si wodzi le ƒe 1950 me, Fiavi Andrew kple Fiavi Edward siwo wodzi le ƒe 1960 kple 1964 me ɖe wo nɔewo yome, eye tɔgbuivi wuieve nɔ esi.",run1,78.13497350588237,19.96019880774733,5.759321006365566
"It doesn't make you feel too nervous, any changes you've noticed in the breasts don't feel overwhelming.","Mena nètsia dzodzodzoe akpa o, tɔtrɔ ɖesiaɖe si nède dzesii le nowo me la mesena le ɖokuiwò me be yegbɔdzɔ o.","Mena nètsia dzimaɖi akpa o, tɔtrɔ ɖesiaɖe si nède dzesii le noawo ŋu la megbɔa eŋu o.",run1,55.763132997933276,19.96019880774733,5.759321006365566
There was an increase in COVID-19 deaths at the end of September.,COVID-19 ƒe ku dzi ɖe edzi le Anyɔnyɔ ƒe nuwuwu.,COVID-19 kuwo dzi ɖe edzi le September ƒe nuwuwu.,run1,56.73310362331999,19.96019880774733,5.759321006365566
"In this case, these men turn to sleep these girls in return and thus these girls are able to get pregnant.","Le go sia me la, ŋutsu siawo dɔna kple nyɔnuvi siawo hã, eye esia wɔnɛ be nyɔnuvi siawo tea ŋu fɔa fu.","Le go sia me la, ŋutsu siawo trɔna dɔa nyɔnuvi siawo gbɔ ɖe eteƒe, eye le esia ta nyɔnuvi siawo tea ŋu fɔa fu.",run1,69.79461503200494,19.96019880774733,5.759321006365566
"About two months ago, due to the financial difficulties faced by the country, Ghana decided to seek assistance from the International Monetary Fund","Anɔ abe ɣleti eve enye sia ene la, le gakuxi siwo dze ŋgɔ dukɔa ta la, Ghana ɖoe be yeadi kpekpeɖeŋu tso Dukɔwo Dome Ganyawo Gbɔkpɔha gbɔ","Abe ɣleti eve aɖewo siwo va yi ene la, le ganyawo ƒe kuxi siwo me tom dukɔa le ta la, Ghana ɖoe be yeabia kpekpeɖeŋu tso Dukɔwo Dome Gakpɔha (International Monetary Fund) gbɔ.",run1,61.56594870308376,19.96019880774733,5.759321006365566
The President should organise peace talks to ensure peace in South Sudan.,Edze be Dukplɔla naɖo ŋutifafa te kple susu be ŋutifafa nanɔ Sudan ƒe ƒugo.,Ele be Dukplɔla la nawɔ ɖoɖo ɖe ŋutifafa dzeɖoɖowo ŋu be ŋutifafa naɖo le Anyiehe Sudan.,run1,52.19235054867064,19.96019880774733,5.759321006365566
Legislators play a big role in informing government what goes on in their constituencies.,Ale si miedea ha sple slówjo fufɔfɔku le ŋgɔgbedola ŋgɔ na ŋgɔgbedolawo ƒe ŋgɔgbe memie ŋgɔgbe.,Sewɔlawo wɔa akpa gã aɖe be woana dziɖuɖua nanya nu siwo le edzi yim le woƒe nutowo me.,run1,13.329078296719683,19.96019880774733,5.759321006365566
"And she has many titles and positions now, it would be given to the child that would replace her at all cost.","Eye dzesideŋkɔ kple ɖoƒe geɖe le esi fifia, woatsɔe ana ɖevi si axɔ ɖe eteƒe aleke kee wòɖale o.","Eye bubuŋkɔ kple ɖoƒe geɖewo le esi fifia, woatsɔe ana vi si axɔ ɖe eteƒe la kokoko.",run1,61.22168201013213,19.96019880774733,5.759321006365566
"He said that this guideline is not a good guideline for Ghana at this time, because at present, the country does not have the capacity to ensure that the process continues.","gblɔ be mɔfiame sia menye mɔfiame nyui aɖeke na Ghana le ɣeyiɣi sia me o, elabena fifia la, ŋutete mele dukɔa si be wòakpɔ egbɔ be dɔa yi edzi o.","Egblɔ be mɔfiame sia menye mɔfiame nyui na Ghana le ɣeyiɣi sia me o, elabena fifia la, ŋutete mele dukɔa si be wòakpɔ egbɔ be ɖoɖoa nayi edzi o.",run1,89.6669746953235,19.96019880774733,5.759321006365566
The fruits growing in the Western part of the town have been destroyed by stray animals,Lã siwo tra mɔ la tsrɔ̃ atikutsetse siwo le tsitsim le dua ƒe Ɣetoɖoƒekpa dzi,"Kutsetse siwo le tsitsim le du la ƒe ɣetoɖoƒe gome la, lã tsatsawo gblẽ wo dome.",run1,48.92061947382451,19.96019880774733,5.759321006365566
"The NPP Members of Parliament held a press conference when a significant number of the general public were calling for Ken Ofori-Atta's resignation, citing the ongoing financial difficulties being experienced in the country.","NPP ƒe Sewɔtakpekpe me tɔwo wɔ nyadzɔdzɔgblɔlawo ƒe kpekpe aɖe esime amehawo ƒe xexlẽme ɖedzesi aɖe nɔ biabiam be Ken Ofori-Atta naɖe asi le dɔ ŋu, eye wogblɔ gakuxi siwo le edzi yim le dukɔa me.","NPP ƒe Sewɔtakpekpe me tɔwo wɔ nyadzɔdzɔŋlɔlawo ƒe takpekpe esime dukɔmevi geɖewo nɔ biabiam be Ken Ofori-Atta naɖe asi le dɔ ŋu, le ganyawo ƒe kuxi siwo me tom dukɔa le fifia la ta.",run1,63.06515108294637,19.96019880774733,5.759321006365566
Tight regulations are needed to fight swamp reclamation hence conserving the environment.,Se sesẽwo hiã be woatsɔ awɔ avu kple agadowo gbugbɔgadzraɖo ale be woakpɔ nutoa me ƒe dedienɔnɔ ta.,Ehiã se sesẽwo be woaxe mɔ ɖe baƒoƒowo tsɔtsrɔ̃ nu ale be woakpɔ dzɔdzɔme ta.,run1,30.6190012689898,19.96019880774733,5.759321006365566
The Bibiani-Anhwiaso-Bekwai people chased off people from the bank of River Ankobra,Bibiani-Anhwiaso-Bekwai tɔwo nya amewo ɖa le Ankobra Tɔsisia to,Bibiani-Anhwiaso-Bekwaitɔwo nya amewo dzo le Ankobra tɔsisia to.,run1,83.89559375425655,19.96019880774733,5.759321006365566
The project aims at giving sex education to youths in a district.,Dɔa ƒe taɖodzinue nye be woana gbɔdɔdɔ ŋuti hehe sɔhɛ siwo le nuto aɖe me.,Dɔwɔɖoɖo la ƒe taɖodzinue nye be woana gbɔdɔdɔ ŋuti nufiafia sɔhɛwo le nuto aɖe me.,run1,76.23213089704728,19.96019880774733,5.759321006365566
This research is very important so take it seriously.,Numekuku sia le vevie ŋutɔ eyata tsɔe vevie.,"Numekuku sia le vevie ŋutɔ, eya ta tsɔe vevie.",run1,91.95687120762427,19.96019880774733,5.759321006365566
Risk allowance is a sum of money added to the basic salary of the employee,Afɔku ƒe kpekpemee nye ga si kpe ɖe dɔtɔa ƒe fetu ŋu,Afɔku me kpeɖeŋuga enye ga agbɔsɔsɔ aɖe si wotsɔ kpea ɖe dɔwɔla ƒe fetu gɔmeɖoanyi ŋu.,run1,39.487070025920936,19.96019880774733,5.759321006365566
Meaning they are going to unveil them so that everyone one can visit her.,Efia be wole wo ɖem ɖe go ale be amesiame ɖeka nate ŋu ava srãe kpɔ.,Egɔmee nye be woaɖe nu le wo dzi ne amesiame nate ŋu asrãe kpɔ.,run1,45.41282770791943,19.96019880774733,5.759321006365566
You should earn a doctorate in order to be given a title of a professor.,Edze be dɔtoreti ɖaseɖigbalē nanɔ asi wò hafi woawɔ wò be profesa,Ele be nàxɔ ɖɔkta ƒe dzesidi hafi woana profesa ƒe ŋkɔ wò.,run1,29.891739689505194,19.96019880774733,5.759321006365566
You must fulfil some requirements to stand for any leadership post.,Edze be naɖɔli wò ʋukugbalēvi ƒe sia ƒe.,Ele be nàwɔ ɖe nudidi aɖewo dzi hafi nàte ŋu adi kplɔlanyenye ƒe ɖoƒe ɖesiaɖe.,run1,19.428851321451955,19.96019880774733,5.759321006365566
Women asserted that they will vote for people who will help them.,Nyɔnuwo xɔ vidzidzi ɖe aƒe me dzi se wu dɔyɔƒe tɔ.,Nyɔnuwo gblɔ be yewoada akpa na amesiwo akpe ɖe yewo ŋu.,run1,19.171598294085328,19.96019880774733,5.759321006365566
Most of the people who started the chaos were detained immediately.,Wolé ame siwo dze zitɔtɔa me la dometɔ akpa gãtɔ enumake.,"Ame akpa gãtɔ siwo dze ʋunyaʋunya la gɔme la, wolé wo enumake.",run1,41.97095588352984,19.96019880774733,5.759321006365566
The mother wear white cloth as well as the child also wear white dress.,Vidadaa doa avɔ ɣi kpakple ɖevia hã doa awu ɣi.,Dada la do avɔ ɣi eye devi la hã do awu ɣi.,run1,37.66865704446899,19.96019880774733,5.759321006365566
One of the most important minerals in the fruit is oleic acid.,Tomenu vevi siwo le atikutsetsea me dometɔ ɖekae nye oleic acid.,Kutsetsea me mineral vevietɔwo dometɔ ɖekae nye oleic acid.,run1,63.43417147359719,19.96019880774733,5.759321006365566
It was about 5minutes before the Ghana Fire Service and the Techiman Fire Service came to the scene to helped the victims.,Anɔ abe miniti 5 ene hafi Ghana Dzotsidɔwɔƒe kple Techiman Dzotsidɔwɔƒe va teƒea be yewoakpe ɖe amesiwo ŋu dɔa gblẽ nu le ŋu.,Ede aɖabaƒoƒo atɔ̃ lɔƒo hafi Ghana Dzodzikpɔha kple Techiman Dzodzikpɔha va nudzɔƒea be woakpe ɖe afɔkudzilawo ŋu.,run1,39.60454508964579,19.96019880774733,5.759321006365566
"because of this if the father is positive, the child will also be positive, same as to if the father is negative, it happens that the child will also be negative.","Le esia ta ne vifofoa nye nu nyui la, ɖevia hã anye nu nyui, abe alesi ne fofoa nye nu gbegblẽ ene la, edzɔna be ɖevia hã anye nu gbegblẽ.","Le esia ta, ne fofo la nye positive la, vi la hã anye positive, nenema kee ne fofo la nye negative la, edzɔna be vi la hã anye negative.",run1,39.79701235777388,19.96019880774733,5.759321006365566
Married people should work together to enhance family development .,Ele be srɔ̃tɔwo nu ɖekae ale be wòanɔ ƒomegbenɔnɔ nyuie wu..,Ele be srɔ̃tɔwo nawɔ dɔ aduadu atsɔ ado ƒomea ƒe ŋgɔyiyi ɖe ŋgɔ.,run1,33.25253685552757,19.96019880774733,5.759321006365566
The current government has spent more time in torturing its opponents,Dziɖuɖu si li fifia zã ɣeyiɣi geɖe wu tsɔ wɔ funyafunya eƒe tsitretsiɖeŋulawo,Dziɖuɖu si li fifia la zã ɣeyiɣi geɖe wu ɖe eƒe tsitretsilawo fuwɔwɔ ŋu.,run1,64.32618633194053,19.96019880774733,5.759321006365566
"Cancer experts define cancer as abnormal cells in the body that grow and overgrow, spread to various parts of the body, and are difficult to control.","Kansa ŋuti nunyalawo ɖe kansa gɔme be enye lãmenugbagbevi siwo mesɔ o le ŋutilã me siwo tsina hetsina akpa, kakana ɖe ŋutilã ƒe akpa vovovowo, eye wo dzi ɖuɖu sesẽna.","Kansa ŋutinunyalawo ɖe kansa gɔme be enye lãmenugbagbevi siwo mele dzɔdzɔme nu o le ŋutilã me, siwo tsina hedzina ɖe edzi akpa, kakaa ɖe ŋutilã ƒe akpa vovovowo, eye wo dzi ɖuɖu sesẽna.",run1,85.85658244406278,19.96019880774733,5.759321006365566
The government allocates income basing on how policies are formulated and implemented.,Dziɖuɖua nɔa te ɖe alesi wowɔa ɖoɖowoe hewɔa wo dzii dzi maa gakpɔkpɔ.,Dziɖuɖu la maa ga si wokpɔna nɔ te ɖe ale si wowɔa ɖoɖowo eye wowɔa wo dzi la dzi.,run1,60.89864187547845,19.96019880774733,5.759321006365566
Family is a group of people who is from one blood and belong to one mother.,Ƒome nye amewo ƒe ƒuƒoƒo si tso ʋu ɖeka me eye wonye vidada ɖeka tɔ.,Ƒome nye amewo ƒe ƒuƒoƒo siwo tso ʋu ɖeka me eye wonye nɔ ɖeka tɔ.,run1,79.00933807878924,19.96019880774733,5.759321006365566
"I believe his advice applies to us here in Ghana as well, before we leave our country for another country, let us make sure that all our documents are ready.","Mexɔe se be eƒe aɖaŋuɖoɖowo ku ɖe míawo hã ŋu le Ghana afisia, hafi míadzo le míaƒe dukɔ me ayi dukɔ bubu me la, mina míakpɔ egbɔ be míaƒe agbalẽwo katã le klalo.","Mexɔe se be eƒe aɖaŋuɖoɖoa ku ɖe míawo hã mía ŋu le Ghana afii, hafi míadzo le míaƒe dukɔa me ayi dukɔ bubu me la, mina míakpɔ egbɔ be míaƒe agbalẽwo katã le klalo.",run1,88.27942474317987,19.96019880774733,5.759321006365566
The distribution of electricity will contribute to the development of certain regions.,Elektrikŋusẽ mama akpe ɖe nuto aɖewo ƒe ŋgɔyiyi ŋu.,Kaŋkeke ƒe mama akpe asi ɖe nuto aɖewo ƒe ŋgɔyiyi ŋu.,run1,66.67770974369326,19.96019880774733,5.759321006365566
The final decision was passed and we cannot go back on it.,Wowɔ nyametsotso mamlɛa eye míate ŋu atrɔe o.,Woda asi ɖe nyametsotso mamlɛtɔa dzi eye míate ŋu atrɔ megbe le eŋu o.,run1,66.96671237688358,19.96019880774733,5.759321006365566
There was no difference in symptom presentation between men with asthma and women with asthma.,Vovototo aɖeke menɔ ŋutsu siwo ŋu asrãdɔ le kple nyɔnu siwo ŋu asrã le dome le dzesiawo ƒe dzedzeme me o.,Vovototo aɖeke menɔ ŋutsu siwo ŋu asmadɔ le kple nyɔnu siwo ŋu asmadɔ le dome le dɔléle ƒe dzesiwo ɖeɖe fia me o.,run1,71.65132810505564,19.96019880774733,5.759321006365566
"The Friday preceding the hunt is spectacular for Aboakyer; Tuafo invoke and outdoor Gye mesi (meaning restore, protect), while Dentsefo come out with Sekanba (a deadly small knife).","Fiɖagbe si do ŋgɔ na adedada la nyea nukpɔkpɔ na Aboakyer; Tuafo yɔa Gye mesi (si fia be woagbugbɔ aɖo anyi, akpɔ ame ta), eye Dentsefo doa go kple Sekanba (ti sue si wua ame).","Fida si do ŋgɔ na adedada la wɔa nuku ŋutɔ na Aboakyer; Tuafo-awo yɔa Gye mesi (si gɔmee nye dzra ɖo, kpɔ ta) heɖenɛ ɖe go, esime Dentsefo-awo hã doa go kple Sekanba (hɛ vi aɖe si wua ame).",run1,58.07721354732983,19.96019880774733,5.759321006365566
Several meetings between the government and the Public Services Workers' Union to settle this issue has proved futile.,Kpekpe geɖe siwo dziɖuɖua kple Dukɔa ƒe Dɔwɔlawo ƒe Habɔbɔ wɔ be woatsɔ akpɔ nya sia gbɔe nye dzodzro.,Kpekpe geɖe siwo wowɔ le dziɖuɖua kple Dutoƒodɔwɔlawo ƒe Habɔbɔ dome be woakpɔ nya sia gbɔ la zu dzodzro.,run1,67.52400737742558,19.96019880774733,5.759321006365566
"It is also important to watch your diet, Keep fruits and vegetables, (especially the green ones) in your diet.","Ele vevie hã be nàlé ŋku ɖe wò nuɖuɖu ŋu, Na atikutsetsewo kple amagbewo, (vevietɔ esiwo dama) nanɔ wò nuɖuɖu me.","Ele vevie hã be nàlé ŋku ɖe wò nuɖuɖu ŋu, na kutsetsewo kple amagbewo (vevietɔ gbemuwo) nanɔ wò nuɖuɖu me.",run1,77.12063784271247,19.96019880774733,5.759321006365566
some people thought it was intended to supply seeds to specific people occasionally .,ame aɖewo susuna be yewoaɖoe be yewoatsɔ nukuwo aɖo yewoƒe nukuwo ɖa ɣeaɖewoɣi.,Ame aɖewo susu be woɖoe be woana nukuwo ame aɖewo koŋ ɣeaɖewoɣi.,run1,47.28779782699804,19.96019880774733,5.759321006365566
"If we read more about the various clans and their totems, we will know more about the attributes of the people in a particular clan.","Ne míexlẽ nu geɖe tso ƒome vovovoawo kple woƒe dzesiwo ŋu la, míanya nu geɖe tso ƒome aɖe me tɔwo ƒe nɔnɔmewo ŋu.","Ne míexlẽ nu geɖe tso hlɔ̃ vovovoawo kple woƒe tɔkukuwo ŋu la, míanya nu geɖe tso ame siwo le hlɔ̃ tɔxɛ aɖe me ƒe nɔnɔmewo ŋu.",run1,71.97315110312702,19.96019880774733,5.759321006365566
"By the late 19th century, a growing number of educated Africans increasingly found unacceptable an arbitrary political system that placed almost all power in the hands of the governor through his appointment of council members.","Le ƒe alafa 19 lia ƒe nuwuwu la, Afrikatɔ siwo srɔ̃a nu le nutoa me la sɔ gbɔ ɖe edzi, eye womelɔ̃a dunyahehe ƒe nuɖoanyi si ɖoa dziɖuɖua ƒe ŋusẽwo katã si me o to ale si wòɖo aɖaŋuɖohakplɔlawo gbɔ la dzi.","Le ƒe alafa 19 lia ƒe nuwuwu lɔƒo la, Afrikavi agbalẽnyala siwo ƒe xexlẽme nɔ dzidzim ɖe edzi la va nɔ ekpɔm be yewomate ŋu alɔ̃ ɖe dunyahehe ƒe ɖoɖo si nɔa te ɖe ame ɖeka ƒe lɔlɔ̃nu dzi, si tsɔ ŋusẽ bliboa kloe de nutodziɖula la si me to eƒe aɖaŋuɖoha me tɔwo ɖoɖo me la dzi o.",run1,47.052477042242394,19.96019880774733,5.759321006365566
The national jobs authority offered jobs to many residents during the construction.,Dukɔa ƒe dɔwɔƒe si kpɔa dɔwɔnyawo gbɔ tsɔ dɔ na dua me tɔ geɖe le xɔtutua wɔɣi.,Dukɔa ƒe dɔwɔwɔ ŋuti dɔwɔƒe la na dɔ nɔla geɖewo le xɔtutu la me.,run1,41.42366123881477,19.96019880774733,5.759321006365566
Taxi drivers have rejected the proposal to share the park with trucks.,Taksikulawo gbe aɖaŋu si woɖo be woama abɔa kple agbatsɔʋuwo.,Taxi kulawo gbe ɖoɖo la be yewoama ʋudzeƒe la kple agbaʋuwo.,run1,45.18754871748001,19.96019880774733,5.759321006365566
"The plaintiff explained that the Senator had citizenship in several countries, including the United States and Ivory Coast, and made it clear that this was in stark contrast to the 1992 constitution.","Ame si tsɔ nya ɖe eŋu la ɖe eme be dukɔmevinyenye le Sewɔtakpekpe me tɔ si le dukɔ geɖe me, siwo dome United States kple Ivory Coast hã le, eye wòna eme kɔ ƒã be esia to vovo kura na ƒe 1992 ƒe dukplɔsea.","Nyaheɖetɔ la ɖe eme be Senatɔ la nye dukɔmevi le dukɔ geɖewo me, siwo dome United States kple Ivory Coast le, eye wòna wòdze kɔte be esya tsi tre ɖe 1992 ƒe dukplɔse la ŋu kura.",run1,57.68342404465086,19.96019880774733,5.759321006365566
Limitation of one's knowledge may result into ignorance.,Sidzedze ƒe mɔxexe ɖe ame ŋu ate ŋu ana ame nadze sidzedze.,Ame ƒe sidzedze ƒe seɖoƒe ate ŋu ahe numanyemanye vɛ.,run1,34.406520468046445,19.96019880774733,5.759321006365566
Vomiting and bleeding from openings are some of the signs of Ebola.,Nuɖuɖu trutru kple ʋu si dona le dowo me nye Ebola ƒe dzesi aɖewo.,Xeɖeɖe kple ʋudodo le ŋutilã ƒe dowo me nye Ebola ƒe dzesi aɖewo.,run1,60.73962153802015,19.96019880774733,5.759321006365566
"This kente shows motive behind Akan people thinking, if you do good, others will help you.","Kete sia ɖea susu si le megbe na Akantɔwo le susum be, ne èwɔ nyui la, ame bubuwo akpe ɖe ŋuwò.","Kente sia ɖe susu si le Akantɔwo ƒe tamesusu megbe fia be, ne èwɔ nu nyui la, ame bubuwo akpe ɖe ŋuwò.",run1,72.43661339176244,19.96019880774733,5.759321006365566
The local leaders in the Ahanta West District will be available to settle any disputes in the area.,Nutoa me kplɔla siwo le Ahanta Ɣetoɖoƒe Nutome anɔ klalo be yewoakpɔ nyaʋiʋli ɖesiaɖe gbɔ le nutoa me.,Nutomekplɔla siwo le Ahanta West Nutome la anɔ anyi akpɔ masɔmasɔ ɖesiaɖe gbɔ le nutoa me.,run1,55.20662204241405,19.96019880774733,5.759321006365566
The thieves use better techniques than the police.,Adzodalawo zãa mɔnu siwo nyo wu esiwo zãa kpovitɔwo.,Fiafitɔwo zãa mɔnu siwo nyo wu kpovitɔwo.,run1,58.46168716284088,19.96019880774733,5.759321006365566
"Some of the manufacturers also told Joy Business that it has been very difficult to absorb all the rising costs of operations, and therefore there is a need to share some of the burden with consumers.","Adzɔnuwo wɔlawo dometɔ aɖewo gblɔ na Joy Business hã be esesẽ ŋutɔ be woaxɔ dɔwɔwɔ ƒe gazazã siwo katã le dzidzim ɖe edzi, eye le esia ta ehiã be woama agbaa ƒe ɖe kple nuƒlelawo.","Adzɔnuwɔlawo dometɔ aɖewo hã gblɔ na Joy Business be esesẽ na yewo ŋutɔ be yewoatsɔ dɔwɔwɔ ƒe gazazã siwo le edzi yim la katã ɖe yewo ɖokui dzi, eya ta ehiã be yewoama agba la ƒe akpa aɖe kple nuƒlelawo.",run1,68.14570610500479,19.96019880774733,5.759321006365566
Dance is called Waa in the Dagbani language.,Woyɔa ɣeɖuɖu be Waa le Dagbani-gbe me.,Woyɔa ɣeɖuɖu be Waa le Dagbanigbe me.,run1,88.3570112979728,19.96019880774733,5.759321006365566
Investigations from the Ghana Statistical Service shows that 7.9 million people of the age six(6) and above in Ghana are illiterate which means they can not read and write with understanding.,Numekuku siwo tso Ghana Statistical Service gbɔ ɖee fia be ame miliɔn 7.9 siwo xɔ ƒe ade(6) kple edzivɔ le Ghana la menya agbalẽ o si fia be womate ŋu axlẽ nu ahaŋlɔ nu kple nugɔmesese o.,"Numekuku siwo tso Ghana Akɔntabubu Dɔwɔƒe ɖee fia be ame miliɔn 7.9 siwo xɔ ƒe ade (6) kple edzi le Ghana la menya agbalẽ o, si fia be womate ŋu axlẽ nu ahaŋlɔ nu ase egɔme o.",run1,73.25995436840385,19.96019880774733,5.759321006365566
"Over the years, it has changed and experienced various seasons.","Le ƒe siwo va yi me la, etrɔ eye wòto ɣeyiɣi vovovowo me.","Le ƒeawo me la, etrɔ eye wòto ɣeyiɣi vovovowo me.",run1,78.85135337805302,19.96019880774733,5.759321006365566
Local leaders are sensitizing pregnant mothers to always go for antenatal care.,Nutoa me ŋgɔnɔlawo le dzi dem ƒo na funɔwo be woadzi vi na wo ɣesiaɣi.,Nutomekplɔlawo le nuxlɔ̃am fufɔnɔwo be woanɔ fufɔnɔkɔdzi yiyim ɣesiaɣi.,run1,39.77472410200216,19.96019880774733,5.759321006365566
He was going to a university – the university of the Harlem Streets.,Eyina yunivɛsiti (Harlem Streets) ƒe yunivɛsiti.,Enɔ yunivɛsiti aɖe dem – Harlem ƒe ablɔwo dzi yunivɛsiti la.,run1,47.48917634670281,19.96019880774733,5.759321006365566
"French President Francois Hollande described Mills as "" the guardian of institutions and the defender of Ghanaian democracy.""","Francois Holnda dugã Francois gblɔ be Betlehem ye nye ""habɔbɔwo dzi kpɔla kple Ghanatɔwo ƒe ame si kpɔa Ghana ƒe ameƒomea dzi kpɔla. ""","France Dukplɔla Francois Hollande ɖɔ Mills be enye ""dɔwɔƒewo dzikpɔla kple Ghana ƒe demokrasi taʋlala.""",run1,39.2721936871586,19.96019880774733,5.759321006365566
Women can do the same work as men and can perfectly do the jobs that men do.,"Nyɔnuwo ate ŋu awɔ ɖoƒe vevi aɖe le woƒe lãmesēnyawo dodo ɖe ŋgɔ edziedzi to dzilawo, woƒe kpeɖeŋutɔwo kple ƒometɔ bubuwo ƒe kpekpeɖeŋu nana wo.",Nyɔnuwo ate ŋu awɔ dɔ ɖeka ma ke abe ŋutsuwo ene eye wate ŋu awɔ dɔ siwo ŋutsuwo wɔna la pɛpɛpɛ.,run1,22.4560039238077,19.96019880774733,5.759321006365566
"Although whatever happens, let us follow the guidelines, instructions and policies that the Dumgya Board and other agencies give us at the right time, because life is everything.","Togbɔ be nuka kee adzɔ o hã la, mina míawɔ ɖe mɔfiame, mɔfiame kple ɖoɖo siwo Dumgya Dɔwɔha kple dɔwɔƒe bubuwo naa mí le ɣeyiɣi nyuitɔ dzi dzi, elabena agbee nye nusianu.","Togbɔ be aleke kee nuwo ava dzɔe o, mina míawɔ ɖe mɔfiamewo, sededewo kple ɖoɖo siwo Dumgya Board kple dɔwɔƒe bubuwo ana mí le ɣeyiɣi si sɔ dzi la dzi, elabena agbee nye nu sia nu.",run1,65.92653275128393,19.96019880774733,5.759321006365566
"Her first album was launched "" Wo na M'ani Agyina wo""","Woɖe eƒe haƒogbalẽ gbãtɔ ɖe go "" Wo na M'ani Agyina wo"".","Woɖe eƒe haƒoƒo gbãtɔ "" Wo na M'ani Agyina wo"" ɖe go.",run1,71.03252133173015,19.96019880774733,5.759321006365566
The Ashanti prepared the fields by burning before the onset of the rainy season and cultivated with an iron hoe.,Ashantitɔwo dzraa agbleawo ɖo to dzotɔtɔ wo me hafi tsidzaɣia dzea egɔme eye wotsɔa gayibɔ dea agble.,"Asantewo dzra agbleawo do to dzo tɔtɔ me do ŋgɔ na tsidzaɣi ƒe gɔmedzedze, eye wotsɔ ga kodzi de agble.",run1,48.191415840385446,19.96019880774733,5.759321006365566
"if the child is a boy, she holds his hand and use it to touch cutlass and gun with no gunpowder and mention the child name and say grow and work hard for your wife and children.","Ne ɖevia nye ŋutsuvi la, eléa eƒe asi hezãnɛ tsɔ ka asi cutlass kple tu si me tu aɖeke mele o ŋu eye wòyɔa ɖevia ŋkɔ eye wògblɔna be tsi eye nàwɔ dɔ sesĩe na srɔ̃wò kple viwòwo.","Ne ɖevia nye ŋutsuvi la, eléa eƒe asi tsɔnɛ kaa yi kple tu si me tudzo mele o ŋu, eye wòyɔa ɖevia ƒe ŋkɔ hegblɔna be tsi nàwɔ dɔ vevie na srɔ̃wò kple viwòwo.",run1,64.25011448462942,19.96019880774733,5.759321006365566
"Indeed, living in a modernized world does not mean that we should completely abandon our valuable cultural traditions and practices.","Nyateƒee, agbenɔnɔ le egbegbe xexe me mefia be míaɖe asi le míaƒe dekɔnu ƒe kɔnyinyi kple nuwɔna xɔasiwo ŋu keŋkeŋ o.","Le nyateƒe me, agbenɔnɔ le xexe yeye me mefia be míagblẽ míaƒe dekɔnu kple kɔnu xɔasiwo ɖi keŋkeŋ o.",run1,54.84177907689746,19.96019880774733,5.759321006365566
"Students who successfully finish their degree, shouldn't sit home but look for jobs.","Sukuvi siwo wu woƒe ɖaseɖigbalẽ nu dzidzedzetɔe, mele be woanɔ anyi ɖe aƒeme o ke boŋ woadi dɔ.","Sukuvi siwo wu woƒe nusɔsrɔ̃ nu dzidzedzetɔe la, mele be woanɔ aƒeme o, ke boŋ woadi dɔwɔwɔ.",run1,65.43187609693575,19.96019880774733,5.759321006365566
